PREFIX	CHAR	ACTION	SUFFIX	NAME	Variation	Loop	Gameplay	REC.	IMPL.	used for	SPEAKER	MOOD	COMMENT	EN	CEN	DE	CDE	EN - Proofread	Changed?	Simplified Chinese	
vo_ply_ply_	gei_	char_select_	normal_00	vo_ply_ply_gei_char_select_normal_00	Iconic	No	Yes	omuk	philipp	sel character	Geisha	stealthy		No need for delay	4		0	There's no need for delay.	YES	不要浪费时间	
vo_ply_ply_	gei_	char_select_	normal_01	vo_ply_ply_gei_char_select_normal_01	Iconic	No	Yes	omuk	philipp	sel character	Geisha	stealthy		Always prepared.	2		0	I'm always prepared.	YES	我时刻准备着	
vo_ply_ply_	gei_	char_select_	normal_02	vo_ply_ply_gei_char_select_normal_02	Iconic	No	Yes	omuk	philipp	sel character	Geisha	stealthy		Elegance in all things.	4	40	1	Mm. Elegance in all things.	YES	凡事皆需优雅	
vo_ply_ply_	gei_	char_select_	normal_03	vo_ply_ply_gei_char_select_normal_03	Iconic	No	Yes	omuk	philipp	sel character	Geisha	stealthy		A subtle bow, a quiet gesture.	6		0	A subtle bow, a quiet gesture.		姿态灵巧，动作轻盈	
vo_ply_ply_	gei_	char_select_	normal_04	vo_ply_ply_gei_char_select_normal_04	Iconic	No	Yes	omuk	philipp	sel character	Geisha	stealthy		We have the advantage.	4		0	We have the advantage.		我们处于优势	
vo_ply_ply_	gei_	char_select_	normal_05	vo_ply_ply_gei_char_select_normal_05	Iconic	No	Yes	omuk	philipp	sel character	Geisha	stealthy		Red leaves, morning snow.	4		0	Red leaves, morning snow.		红叶，映朝雪	
vo_ply_ply_	gei_	char_select_	normal_06	vo_ply_ply_gei_char_select_normal_06	Iconic	No	Yes	omuk	philipp	sel character	Geisha	stealthy		Let us be subtle.	4		0	Now, let us be subtle.	YES	动作要轻	
vo_ply_ply_	gei_	char_select_	normal_07	vo_ply_ply_gei_char_select_normal_07	Iconic	No	Yes	omuk	philipp	sel character	Geisha	stealthy		We must show prudence.	4		0	We must show prudence.		谨慎行事	
vo_ply_ply_	gei_	char_select_	normal_08	vo_ply_ply_gei_char_select_normal_08	Iconic	No	Yes	omuk	philipp	sel character	Geisha	stealthy		They must not see us.	5		0	They must not see us.		不能让敌人看见	
vo_ply_ply_	gei_	char_select_	normal_09	vo_ply_ply_gei_char_select_normal_09	Iconic	No	Yes	omuk	philipp	sel character	Geisha	stealthy		Silence is our ally.	4		0	Silence is our ally.		悄无声息	
vo_ply_ply_	gei_	char_select_	tense_00	vo_ply_ply_gei_char_select_tense_00	Iconic	No	Yes	omuk	philipp	sel character	Geisha	tense		Let us take the initiative.	5		0	Let us take the initiative.		我们要先发制人	
vo_ply_ply_	gei_	char_select_	tense_01	vo_ply_ply_gei_char_select_tense_01				omuk	philipp	sel character	Geisha	tense		Let us not delay.	4		0	Let us not delay.		不要迟疑	
vo_ply_ply_	gei_	char_select_	tense_02	vo_ply_ply_gei_char_select_tense_02				omuk	philipp	sel character	Geisha	tense		Time is precious.	3		0	Time is precious.		时间宝贵	
vo_ply_ply_	gei_	char_select_	tense_03	vo_ply_ply_gei_char_select_tense_03				omuk	philipp	sel character	Geisha	tense		Let us keep moving.	4		0	Let us keep moving.		不要停下	
vo_ply_ply_	gei_	char_select_	tense_04	vo_ply_ply_gei_char_select_tense_04				omuk	philipp	sel character	Geisha	tense		We must be swift.	4		0	We must be swift.		动作要快	
vo_ply_ply_	gei_	char_select_	tense_05	vo_ply_ply_gei_char_select_tense_05				omuk	philipp	sel character	Geisha	tense		Let us be quick!	4		0	Let us be quick!		抓紧时间	
vo_ply_ply_	gei_	char_select_	tense_06	vo_ply_ply_gei_char_select_tense_06				omuk	philipp	sel character	Geisha	tense		We must move swiftly.	4		0	We must move swiftly.		行动要迅速	
vo_ply_ply_	gei_	char_select_	tense_07	vo_ply_ply_gei_char_select_tense_07				omuk	philipp	sel character	Geisha	tense		Let us move with speed.	5		0	Let us move with speed.		加快速度	
vo_ply_ply_	gei_	char_select_	dark_00	vo_ply_ply_gei_char_select_dark_00	Iconic	No	Yes	omuk	philipp	sel character	Geisha	determined		We cannot rest now.	4		0	We cannot rest now.		没时间休息了	
vo_ply_ply_	gei_	char_select_	dark_01	vo_ply_ply_gei_char_select_dark_01				omuk	philipp	sel character	Geisha	determined		We must keep moving.	4		0	We must keep moving.		必须加快速度	
vo_ply_ply_	gei_	char_select_	dark_02	vo_ply_ply_gei_char_select_dark_02				omuk	philipp	sel character	Geisha	determined		We will not die here.	5		0	We will not die here.		不能死在这里	
vo_ply_ply_	gei_	char_select_	dark_03	vo_ply_ply_gei_char_select_dark_03				omuk	philipp	sel character	Geisha	determined		Do not give up now.	5		0	Do not give up now.		不要放弃	
vo_ply_ply_	gei_	char_select_	dark_04	vo_ply_ply_gei_char_select_dark_04				omuk	philipp	sel character	Geisha	determined		I will not forget your wish.	6		0	I will not forget your wish.		谨遵命令	
vo_ply_ply_	gei_	char_select_	dark_05	vo_ply_ply_gei_char_select_dark_05				omuk	philipp	sel character	Geisha	determined		You have my word.	4		0	You have my word.		交给我吧	
vo_ply_ply_	gei_	char_select_	dark_06	vo_ply_ply_gei_char_select_dark_06				omuk	philipp	sel character	Geisha	determined		Together.	1		0	Together.		同心协力	
vo_ply_ply_	gei_	char_select_	dark_07	vo_ply_ply_gei_char_select_dark_07				omuk	philipp	sel character	Geisha	determined		Our lives are ours alone.	5		0	Our lives are ours alone.		自己的命运自己把握	
vo_ply_ply_	gei_	char_select_	dark_08	vo_ply_ply_gei_char_select_dark_08				omuk	philipp	sel character	Geisha	determined		We must find a way.	5		0	We must find a way.		得好好想想办法	
vo_ply_ply_	gei_	char_select_	dark_09	vo_ply_ply_gei_char_select_dark_09				omuk	philipp	sel character	Geisha	determined		This place will not claim us.	6		0	This place will not claim us.		不能败在这里	
vo_ply_ply_	gei_	char_select_	dark_10	vo_ply_ply_gei_char_select_dark_10				omuk	philipp	sel character	Geisha	determined		I will leave no more behind.	6		0	I will leave no more behind.		不能再丢下任何人	
vo_ply_ply_	gei_	char_select_	cold_00	vo_ply_ply_gei_char_select_cold_00	Iconic	No	Yes	omuk	philipp	sel character	Geisha	cold		Hostile winds.	2		0	Hostile winds.		寒风刺骨	
vo_ply_ply_	gei_	char_select_	cold_01	vo_ply_ply_gei_char_select_cold_01				omuk	philipp	sel character	Geisha	cold		The cold does not matter.	5		0	The cold does not matter.		冷怕什么	
vo_ply_ply_	gei_	char_select_	cold_02	vo_ply_ply_gei_char_select_cold_02				omuk	philipp	sel character	Geisha	cold		Snow has fallen.	3		0	Snow has fallen.		下雪了	
vo_ply_ply_	gei_	char_select_	cold_03	vo_ply_ply_gei_char_select_cold_03				omuk	philipp	sel character	Geisha	cold		Snow lies thickly.	3		0	Snow lies thickly.		积雪很深	
vo_ply_ply_	gei_	char_select_	night_00	vo_ply_ply_gei_char_select_night_00	Iconic	No	Yes	omuk	philipp	sel character	Geisha	stealthy		The night is our ally.	5		0	The night is our ally.		黑夜是我们的伙伴	
vo_ply_ply_	gei_	char_select_	night_01	vo_ply_ply_gei_char_select_night_01				omuk	philipp	sel character	Geisha	stealthy		Shadows obscure.	2		0	Shadows obscure.		藏身在阴影之中	
vo_ply_ply_	gei_	char_select_	night_02	vo_ply_ply_gei_char_select_night_02				omuk	philipp	sel character	Geisha	stealthy		Light is our enemy.	4		0	Light is our enemy.		光明是我们的敌人	
vo_ply_ply_	gei_	char_select_	team_00	vo_ply_ply_gei_char_select_team_00	Iconic	No	Yes	omuk	philipp	sel character	Geisha	encouraging		We do this for Mugen.	5		0	We do this for Mugen.		为了无限	
vo_ply_ply_	gei_	char_select_	team_01	vo_ply_ply_gei_char_select_team_01				omuk	philipp	sel character	Geisha	encouraging		We act as one.	4		0	We act as one.		团结一致	
vo_ply_ply_	gei_	char_select_	team_02	vo_ply_ply_gei_char_select_team_02				omuk	philipp	sel character	Geisha	encouraging		Let us proceed together.	4		0	Let us proceed together.		一起行动	
vo_ply_ply_	gei_	confirm_	normal_00	vo_ply_ply_gei_confirm_normal_00				omuk	philipp	com valid	Geisha	stealthy		It will be done.	4		0	It will be done.		马上照办	
vo_ply_ply_	gei_	confirm_	normal_01	vo_ply_ply_gei_confirm_normal_01				omuk	philipp	com valid	Geisha	stealthy		On my way.	3		0	On my way.		开始移动	
vo_ply_ply_	gei_	confirm_	normal_02	vo_ply_ply_gei_confirm_normal_02				omuk	philipp	com valid	Geisha	stealthy		A plan in motion.	4		0	A plan in motion.		按计划行动	
vo_ply_ply_	gei_	confirm_	normal_03	vo_ply_ply_gei_confirm_normal_03				omuk	philipp	com valid	Geisha	stealthy		The music starts.	3		0	The music starts.		大幕揭开	
vo_ply_ply_	gei_	confirm_	normal_04	vo_ply_ply_gei_confirm_normal_04				omuk	philipp	com valid	Geisha	stealthy		The dance begins.	3		0	The dance begins.		好戏开演	
vo_ply_ply_	gei_	confirm_	normal_05	vo_ply_ply_gei_confirm_normal_05				omuk	philipp	com valid	Geisha	stealthy		I will remain unseen.	4		0	I will remain unseen.		不要被敌人看到	
vo_ply_ply_	gei_	confirm_	normal_06	vo_ply_ply_gei_confirm_normal_06				omuk	philipp	com valid	Geisha	stealthy		Out of sight.	3		0	Out of sight.		避开敌人视野	
vo_ply_ply_	gei_	confirm_	normal_07	vo_ply_ply_gei_confirm_normal_07				omuk	philipp	com valid	Geisha	stealthy		Subtlety.	1		0	Subtlety.		悄悄地	
vo_ply_ply_	gei_	confirm_	normal_08	vo_ply_ply_gei_confirm_normal_08				omuk	philipp	com valid	Geisha	stealthy		An elegant solution.	3		0	An elegant solution.		优雅的方案	
vo_ply_ply_	gei_	confirm_	tense_00	vo_ply_ply_gei_confirm_tense_00				omuk	philipp	com valid	Geisha	tense		With haste!	2		0	With haste.	YES	行如风！	
vo_ply_ply_	gei_	confirm_	tense_01	vo_ply_ply_gei_confirm_tense_01				omuk	philipp	com valid	Geisha	tense		On my way!	3		0	On my way!		这就过去！	
vo_ply_ply_	gei_	confirm_	tense_02	vo_ply_ply_gei_confirm_tense_02				omuk	philipp	com valid	Geisha	tense		I will move quickly.	4		0	I will move quickly.		我会速速前去	
vo_ply_ply_	gei_	confirm_	tense_03	vo_ply_ply_gei_confirm_tense_03				omuk	philipp	com valid	Geisha	tense		It will only take a moment.	6		0	It will only take a moment.		马上就到	
vo_ply_ply_	gei_	confirm_	tense_04	vo_ply_ply_gei_confirm_tense_04				omuk	philipp	com valid	Geisha	tense		With speed.	2		0	With speed.		速速前往	
vo_ply_ply_	gei_	confirm_	tense_05	vo_ply_ply_gei_confirm_tense_05				omuk	philipp	com valid	Geisha	tense		No time to lose.	4		0	No time to lose.		没时间可以浪费	
vo_ply_ply_	gei_	confirm_	dark_00	vo_ply_ply_gei_confirm_dark_00				omuk	philipp	com valid	Geisha	determined		Quickly now.	2		0	Quickly now.		赶紧的！	
vo_ply_ply_	gei_	confirm_	dark_01	vo_ply_ply_gei_confirm_dark_01				omuk	philipp	com valid	Geisha	determined		Do not hesitate.	3		0	Do not hesitate.		不要犹豫	
vo_ply_ply_	gei_	confirm_	dark_02	vo_ply_ply_gei_confirm_dark_02				omuk	philipp	com valid	Geisha	determined		Trust your intuition.	3		0	Trust your intuition.		相信直觉	
vo_ply_ply_	gei_	confirm_	dark_03	vo_ply_ply_gei_confirm_dark_03				omuk	philipp	com valid	Geisha	determined		Move together.	2		0	Move together.		一起行动	
vo_ply_ply_	gei_	confirm_	dark_04	vo_ply_ply_gei_confirm_dark_04				omuk	philipp	com valid	Geisha	determined		Work in harmony.	3		0	Work in harmony.		协调一致	
vo_ply_ply_	gei_	confirm_	dark_05	vo_ply_ply_gei_confirm_dark_05				omuk	philipp	com valid	Geisha	determined		Act as one.	3		0	Act as one.		团结一心	
vo_ply_ply_	gei_	confirm_	cold_00	vo_ply_ply_gei_confirm_cold_00				omuk	philipp	com valid	Geisha	cold		Defy the cold.	3		0	Defy the cold.		寒冷不足为惧	
vo_ply_ply_	gei_	confirm_	cold_01	vo_ply_ply_gei_confirm_cold_01				omuk	philipp	com valid	Geisha	cold		Move with the wind.	4		0	Move with the wind.		随风而动	
vo_ply_ply_	gei_	confirm_	cold_02	vo_ply_ply_gei_confirm_cold_02				omuk	philipp	com valid	Geisha	cold		Mind the tracks you leave.	5		0	Mind the tracks you leave.		小心留下的足迹	
vo_ply_ply_	gei_	confirm_	night_00	vo_ply_ply_gei_confirm_night_00				omuk	philipp	com valid	Geisha	stealthy		Move with the shadows.	4		0	Move with the shadows.		与暗影同行	
vo_ply_ply_	gei_	confirm_	night_01	vo_ply_ply_gei_confirm_night_01				omuk	philipp	com valid	Geisha	stealthy		Avoid the light's touch.	4		0	Avoid the light's touch.		切勿踏入亮光	
vo_ply_ply_	gei_	confirm_	night_02	vo_ply_ply_gei_confirm_night_02				omuk	philipp	com valid	Geisha	stealthy		Use the darkness.	3		0	Use the darkness.		好好利用黑暗	
vo_ply_ply_	gei_	confirm_	team_00	vo_ply_ply_gei_confirm_team_00				omuk	philipp	com valid	Geisha	encouraging		They will not see us coming.	6		0	They will not see us coming.		他们不会发现	
vo_ply_ply_	gei_	confirm_	team_01	vo_ply_ply_gei_confirm_team_01				omuk	philipp	com valid	Geisha	encouraging		Agreed, Hayato-san?	2		0	Agreed, Hayato-san?		隼人兄，你觉得呢？	
vo_ply_ply_	gei_	confirm_	team_02	vo_ply_ply_gei_confirm_team_02				omuk	philipp	com valid	Geisha	encouraging		Be watchful, Takuma-san.	3		0	Be watchful, Takuma-san.		琢磨大师，注意警惕	
vo_ply_ply_	gei_	confirm_	team_03	vo_ply_ply_gei_confirm_team_03				omuk	philipp	com valid	Geisha	encouraging		Together, Yuki-chan.	2		0	Together, Yuki-chan.		友希小妹，一起行动	
vo_ply_ply_	gei_	confirm_	team_04	vo_ply_ply_gei_confirm_team_04				omuk	philipp	com valid	Geisha	encouraging		My love … watch over us.	6		0	My love…watch over us.	YES	我的爱人…请保佑我们	
vo_ply_ply_	gei_	refuse_	normal_00	vo_ply_ply_gei_refuse_normal_00				omuk	philipp	com invalid	Geisha	stealthy		I cannot.	2		0	I cannot.		不行	
vo_ply_ply_	gei_	refuse_	normal_01	vo_ply_ply_gei_refuse_normal_01				omuk	philipp	com invalid	Geisha	stealthy		Apologies.	1		0	Apologies.		很抱歉	
vo_ply_ply_	gei_	refuse_	normal_02	vo_ply_ply_gei_refuse_normal_02				omuk	philipp	com invalid	Geisha	stealthy		It is not possible.	4		0	It is not possible.		不可能	
vo_ply_ply_	gei_	refuse_	normal_03	vo_ply_ply_gei_refuse_normal_03				omuk	philipp	com invalid	Geisha	stealthy		A strange notion.	3		0	A strange notion.		奇怪的想法	
vo_ply_ply_	gei_	refuse_	normal_04	vo_ply_ply_gei_refuse_normal_04				omuk	philipp	com invalid	Geisha	stealthy		It is not to be.	5		0	It is not to be.		做不到	
vo_ply_ply_	gei_	refuse_	tense_00	vo_ply_ply_gei_refuse_tense_00				omuk	philipp	com invalid	Geisha	tense		Forgive me!	2		0	Forgive me!		请原谅	
vo_ply_ply_	gei_	refuse_	tense_01	vo_ply_ply_gei_refuse_tense_01				omuk	philipp	com invalid	Geisha	tense		I cannot!	2		0	I cannot!		我做不到	
vo_ply_ply_	gei_	refuse_	tense_02	vo_ply_ply_gei_refuse_tense_02				omuk	philipp	com invalid	Geisha	tense		A foolish notion!	3		0	A foolish notion!		愚蠢的想法	
vo_ply_ply_	gei_	refuse_	tense_03	vo_ply_ply_gei_refuse_tense_03				omuk	philipp	com invalid	Geisha	tense		This is foolish!	3		0	This is foolish!		这太蠢了	
vo_ply_ply_	gei_	refuse_	tense_04	vo_ply_ply_gei_refuse_tense_04				omuk	philipp	com invalid	Geisha	tense		It is not possible.	4		0	It is not possible.		不可能	
vo_ply_ply_	gei_	refuse_	dark_00	vo_ply_ply_gei_refuse_dark_00				omuk	philipp	com invalid	Geisha	determined		Let us find an alternative.	5		0	Let us find an alternative.		试试其它方法吧	
vo_ply_ply_	gei_	refuse_	dark_01	vo_ply_ply_gei_refuse_dark_01				omuk	philipp	com invalid	Geisha	determined		We cannot do this.	4		0	We cannot do this.		这不可能的	
vo_ply_ply_	gei_	refuse_	dark_02	vo_ply_ply_gei_refuse_dark_02				omuk	philipp	com invalid	Geisha	determined		This is not the right choice.	6		0	This is not the right choice.		错误的想法	
vo_ply_ply_	gei_	refuse_path_	normal_00	vo_ply_ply_gei_refuse_path_normal_00				omuk	philipp	com move unreachable	Geisha	stealthy		I cannot go there.	4		0	I cannot go there.		我过不去的	
vo_ply_ply_	gei_	refuse_path_	normal_01	vo_ply_ply_gei_refuse_path_normal_01				omuk	philipp	com move unreachable	Geisha	stealthy		There is no path.	4		0	There is no path.		没有路能过去	
vo_ply_ply_	gei_	refuse_path_	normal_02	vo_ply_ply_gei_refuse_path_normal_02				omuk	philipp	com move unreachable	Geisha	stealthy		It is beyond my reach.	5		0	It is beyond my reach.		我够不到那里	
vo_ply_ply_	gei_	refuse_path_	tense_00	vo_ply_ply_gei_refuse_path_tense_00				omuk	philipp	com move unreachable	Geisha	tense		I cannot go there!	4		0	I cannot go there!		过不去	
vo_ply_ply_	gei_	refuse_path_	tense_01	vo_ply_ply_gei_refuse_path_tense_01				omuk	philipp	com move unreachable	Geisha	tense		No path!	2		0	No path!		没有路	
vo_ply_ply_	gei_	refuse_path_	tense_02	vo_ply_ply_gei_refuse_path_tense_02				omuk	philipp	com move unreachable	Geisha	tense		It is beyond reach!	4		0	It is beyond reach!		够不着	
vo_ply_ply_	gei_	refuse_door_enemy_	normal_00	vo_ply_ply_gei_refuse_door_enemy_normal_00				omuk	philipp	com door with enemy	Geisha	stealthy		I would deliver myself to the enemy.	7		0	I would deliver myself to the enemy.		进去就是自投罗网	
vo_ply_ply_	gei_	refuse_door_enemy_	normal_01	vo_ply_ply_gei_refuse_door_enemy_normal_01				omuk	philipp	com door with enemy	Geisha	stealthy		That is currently occupied.	4		0	That is currently occupied.		里面有人了	
vo_ply_ply_	gei_	refuse_door_enemy_	normal_02	vo_ply_ply_gei_refuse_door_enemy_normal_02				omuk	philipp	com door with enemy	Geisha	stealthy		That would be foolish.	4		0	That would be foolish.		进去就太蠢了	
vo_ply_ply_	gei_	refuse_door_enemy_	tense_00	vo_ply_ply_gei_refuse_door_enemy_tense_00				omuk	philipp	com door with enemy	Geisha	tense		It is occupied!	3		0	It is occupied!		有人了	
vo_ply_ply_	gei_	refuse_door_enemy_	tense_01	vo_ply_ply_gei_refuse_door_enemy_tense_01				omuk	philipp	com door with enemy	Geisha	tense		I would expose myself!	4		0	I would expose myself!		会被里面的人看到	
vo_ply_ply_	gei_	refuse_door_enemy_	tense_02	vo_ply_ply_gei_refuse_door_enemy_tense_02				omuk	philipp	com door with enemy	Geisha	tense		It would ruin my cover!	5		0	It would ruin my cover!		会被发现的	
vo_ply_ply_	gei_	refuse_path_usable_	normal_00	vo_ply_ply_gei_refuse_path_usable_normal_00				omuk	philipp	com move unreachable without usables	Geisha	stealthy		This is not the right way.	6		0	This is not the right way.		这个方法不对	
vo_ply_ply_	gei_	refuse_path_usable_	normal_01	vo_ply_ply_gei_refuse_path_usable_normal_01				omuk	philipp	com move unreachable without usables	Geisha	stealthy		No, let us consider our surroundings.	6		0	No, let us consider our surroundings.		注意观察周围环境	
vo_ply_ply_	gei_	refuse_path_usable_	normal_02	vo_ply_ply_gei_refuse_path_usable_normal_02				omuk	philipp	com move unreachable without usables	Geisha	stealthy		I must find a better path.	6		0	I must find a better path.		得想个别的方法	
vo_ply_ply_	gei_	refuse_path_usable_	tense_00	vo_ply_ply_gei_refuse_path_usable_tense_00				omuk	philipp	com move unreachable without usables	Geisha	tense		This is not the way!	5		0	This is not the way!		这样不对	
vo_ply_ply_	gei_	refuse_path_usable_	tense_01	vo_ply_ply_gei_refuse_path_usable_tense_01				omuk	philipp	com move unreachable without usables	Geisha	tense		We must consider our surroundings!	5		0	We must consider our surroundings!		要观察周围环境	
vo_ply_ply_	gei_	refuse_path_usable_	tense_02	vo_ply_ply_gei_refuse_path_usable_tense_02				omuk	philipp	com move unreachable without usables	Geisha	tense		There must be a better path.	6		0	There must be a better path.		肯定有别的方法	
vo_ply_ply_	gei_	refuse_cooldown_	normal_00	vo_ply_ply_gei_refuse_cooldown_normal_00				omuk	philipp	com skill on cooldown	Geisha	stealthy		Patience.	1		0	Patience.		再忍一会儿	
vo_ply_ply_	gei_	refuse_cooldown_	normal_01	vo_ply_ply_gei_refuse_cooldown_normal_01				omuk	philipp	com skill on cooldown	Geisha	stealthy		Not yet.	2		0	Not yet.		还没好	
vo_ply_ply_	gei_	refuse_cooldown_	normal_02	vo_ply_ply_gei_refuse_cooldown_normal_02				omuk	philipp	com skill on cooldown	Geisha	stealthy		Just a bit longer.	4		0	Just a bit longer.		就一小会儿	
vo_ply_ply_	gei_	refuse_cooldown_	tense_00	vo_ply_ply_gei_refuse_cooldown_tense_00				omuk	philipp	com skill on cooldown	Geisha	tense		Patience!	1		0	Patience!		再忍一下	
vo_ply_ply_	gei_	refuse_cooldown_	tense_01	vo_ply_ply_gei_refuse_cooldown_tense_01				omuk	philipp	com skill on cooldown	Geisha	tense		Not yet!	2		0	Not yet!		还没好	
vo_ply_ply_	gei_	refuse_cooldown_	tense_02	vo_ply_ply_gei_refuse_cooldown_tense_02				omuk	philipp	com skill on cooldown	Geisha	tense		Just a bit longer!	4		0	Just a bit longer!		就一小会儿	
vo_ply_ply_	gei_	refuse_noammo_	normal_00	vo_ply_ply_gei_refuse_noammo_normal_00				omuk	philipp	com skill on cooldown	Geisha	stealthy		I have none left.	4		0	I have none left.		使用次数耗尽	
vo_ply_ply_	gei_	refuse_noammo_	normal_01	vo_ply_ply_gei_refuse_noammo_normal_01				omuk	philipp	com skill on cooldown	Geisha	stealthy		I am out of supplies.	5		0	I am out of supplies.		补给已用光	
vo_ply_ply_	gei_	refuse_noammo_	normal_02	vo_ply_ply_gei_refuse_noammo_normal_02				omuk	philipp	com skill on cooldown	Geisha	stealthy		I have no ammunition.	4		0	I have no ammunition.		弹药已用光	
vo_ply_ply_	gei_	refuse_noammo_	tense_00	vo_ply_ply_gei_refuse_noammo_tense_00				omuk	philipp	com skill on cooldown	Geisha	tense		None left!	2		0	None left!		次数耗尽	
vo_ply_ply_	gei_	refuse_noammo_	tense_01	vo_ply_ply_gei_refuse_noammo_tense_01				omuk	philipp	com skill on cooldown	Geisha	tense		I am out of supplies!	5		0	I am out of supplies!		补给已用光	
vo_ply_ply_	gei_	refuse_noammo_	tense_02	vo_ply_ply_gei_refuse_noammo_tense_02				omuk	philipp	com skill on cooldown	Geisha	tense		No ammunition!	2		0	No ammunition!		没有弹药	
vo_ply_ply_	gei_	take_damage_	normal_00	vo_ply_ply_gei_take_damage_normal_00				omuk	philipp	char take damage	Geisha	hurt		Ah! Clumsy of me.	4		0	Ah! Clumsy of me.		啊！是我失策了	
vo_ply_ply_	gei_	take_damage_	normal_01	vo_ply_ply_gei_take_damage_normal_01				omuk	philipp	char take damage	Geisha	hurt		*hurt noise* I must hide, quickly!	6		0	Agh! I must hide, quickly.	YES	啊！必须赶紧藏起来	
vo_ply_ply_	gei_	take_damage_	normal_02	vo_ply_ply_gei_take_damage_normal_02				omuk	philipp	char take damage	Geisha	hurt	(sound) gets hurt		0		0				
vo_ply_ply_	gei_	take_damage_	normal_03	vo_ply_ply_gei_take_damage_normal_03				omuk	philipp	char take damage	Geisha	hurt	(sound) gets hurt		0		0				
vo_ply_ply_	gei_	take_damage_	normal_04	vo_ply_ply_gei_take_damage_normal_04				omuk	philipp	char take damage	Geisha	hurt	(sound) gets hurt		0		0				
vo_ply_ply_	gei_	take_damage_	normal_05	vo_ply_ply_gei_take_damage_normal_05				omuk	philipp	char take damage	Geisha	hurt	(sound) gets hurt		0		0				
vo_ply_ply_	gei_	death_	normal_00	vo_ply_ply_gei_death_normal_00				omuk	philipp	char death	Geisha	dying	dies in the end	My love … I'm …sorry …	6		0	My love…I'm…sorry…	YES	对不起…我的…爱人	
vo_ply_ply_	gei_	death_	normal_01	vo_ply_ply_gei_death_normal_01				omuk	philipp	char death	Geisha	dying	dies in the end	It is … no use … 	7		0	It is…no use…	YES	还是…不行了…	
vo_ply_ply_	gei_	corpse_pickup_execute_	normal_00	vo_ply_ply_gei_corpse_pickup_execute_normal_00				omuk	philipp	"pickup corpse
pickup object"	Geisha	encumbered	(sound) pick up dead body		0		0				
vo_ply_ply_	gei_	corpse_pickup_execute_	normal_01	vo_ply_ply_gei_corpse_pickup_execute_normal_01				omuk	philipp	"pickup corpse
pickup object"	Geisha	encumbered	(sound) pick up dead body		0		0				
vo_ply_ply_	gei_	corpse_pickup_execute_	normal_02	vo_ply_ply_gei_corpse_pickup_execute_normal_02				omuk	philipp	"pickup corpse
pickup object"	Geisha	encumbered	(sound) pick up dead body		0		0				
vo_ply_ply_	gei_	corpse_drop_execute_	normal_00	vo_ply_ply_gei_corpse_drop_execute_normal_00				omuk	philipp	"drop corpse
drop corpse in door
throw corpse off cliffs
drop object"	Geisha	relieved	(sound) lay down dead body		0		0				
vo_ply_ply_	gei_	corpse_drop_execute_	normal_01	vo_ply_ply_gei_corpse_drop_execute_normal_01				omuk	philipp	"drop corpse
drop corpse in door
throw corpse off cliffs
drop object"	Geisha	relieved	(sound) lay down dead body		0		0				
vo_ply_ply_	gei_	corpse_drop_execute_	normal_02	vo_ply_ply_gei_corpse_drop_execute_normal_02				omuk	philipp	"drop corpse
drop corpse in door
throw corpse off cliffs
drop object"	Geisha	relieved	(sound) lay down dead body		0		0				
vo_ply_ply_	gei_	jump_execute_	normal_00	vo_ply_ply_gei_jump_execute_normal_00				omuk	philipp	jump	Geisha	elegant	(sound) jump		0		0				
vo_ply_ply_	gei_	jump_execute_	normal_01	vo_ply_ply_gei_jump_execute_normal_01				omuk	philipp	jump	Geisha	elegant	(sound) jump		0		0				
vo_ply_ply_	gei_	jump_execute_	normal_02	vo_ply_ply_gei_jump_execute_normal_02				omuk	philipp	jump	Geisha	elegant	(sound) jump		0		0				
vo_ply_ply_	gei_	jump_comment_	normal_00	vo_ply_ply_gei_jump_comment_normal_00				omuk		after jump	Geisha	stealthy	rare	An elegant landing	3		0	An elegant landing.	YES	优雅的落地方式	
vo_ply_ply_	gei_	use_vertical_execute_	normal_00	vo_ply_ply_gei_use_vertical_execute_normal_00				omuk	philipp	use vertical	Geisha	elegant	(sound) climbing		0		0				
vo_ply_ply_	gei_	use_vertical_execute_	normal_01	vo_ply_ply_gei_use_vertical_execute_normal_01				omuk	philipp	use vertical	Geisha	elegant	(sound) climbing		0		0				
vo_ply_ply_	gei_	use_vertical_execute_	normal_02	vo_ply_ply_gei_use_vertical_execute_normal_02				omuk	philipp	use vertical	Geisha	elegant	(sound) climbing		0		0				
vo_ply_ply_	gei_	use_vertical_comment_	normal_00	vo_ply_ply_gei_use_vertical_comment_normal_00				omuk		after use vertical	Geisha	stealthy	rare	I am here.	3		0	I am here.		我在这儿了	
vo_ply_ply_	gei_	melee_select_	normal_00	vo_ply_ply_gei_melee_select_normal_00				omuk	philipp	"sel skill melee
switch from knockout"	Geisha	stealthy		Easily hidden.	2		0	Easily hidden.		方便隐藏携带	
vo_ply_ply_	gei_	melee_select_	normal_01	vo_ply_ply_gei_melee_select_normal_01				omuk	philipp	"sel skill melee
switch from knockout"	Geisha	stealthy		Just a simple hairpin.	4		0	Just a simple hairpin.		只是普通的发簪	
vo_ply_ply_	gei_	melee_select_	normal_02	vo_ply_ply_gei_melee_select_normal_02				omuk	philipp	"sel skill melee
switch from knockout"	Geisha	stealthy		Kanzashi.	1		0	Kanzashi!	YES	发簪	
vo_ply_ply_	gei_	melee_select_	tense_00	vo_ply_ply_gei_melee_select_tense_00				omuk	philipp	"sel skill melee
switch from knockout"	Geisha	tense		Deadly beauty!	2		0	Deadly beauty!		致命的美丽	
vo_ply_ply_	gei_	melee_select_	tense_01	vo_ply_ply_gei_melee_select_tense_01				omuk	philipp	"sel skill melee
switch from knockout"	Geisha	tense		A hidden weapon.	3		0	A hidden weapon.		隐秘武器	
vo_ply_ply_	gei_	melee_select_	tense_02	vo_ply_ply_gei_melee_select_tense_02				omuk	philipp	"sel skill melee
switch from knockout"	Geisha	tense		Kanzashi!	1		0	Kanzashi.	YES	发簪！	
vo_ply_ply_	gei_	melee_select_	dark_00	vo_ply_ply_gei_melee_select_dark_00				omuk	philipp	"sel skill melee
switch from knockout"	Geisha	determined		We must take a life.	5		0	We must take a life.		必须取人性命了	
vo_ply_ply_	gei_	melee_execute_	normal_00	vo_ply_ply_gei_melee_execute_normal_00				omuk	philipp	use skill melee	Geisha	quietly	(sound) chokehold and stab a person		0		0				
vo_ply_ply_	gei_	melee_execute_	normal_01	vo_ply_ply_gei_melee_execute_normal_01				omuk	philipp	use skill melee	Geisha	quietly	(sound) chokehold and stab a person		0		0				
vo_ply_ply_	gei_	melee_execute_	normal_02	vo_ply_ply_gei_melee_execute_normal_02				omuk	philipp	use skill melee	Geisha	quietly	(sound) chokehold and stab a person		0		0				
vo_ply_ply_	gei_	melee_comment_	normal_00	vo_ply_ply_gei_melee_comment_normal_00				omuk		after skill melee	Geisha	stealthy	rare	A drop of blood …	5		0	A drop of blood…	YES	鲜血一滴…	
vo_ply_ply_	gei_	melee_comment_	normal_01	vo_ply_ply_gei_melee_comment_normal_01				omuk		after skill melee	Geisha	stealthy	rare	An elegant death …	4		0	An elegant death…	YES	优雅的死法…	
vo_ply_ply_	gei_	melee_comment_	tense_00	vo_ply_ply_gei_melee_comment_tense_00				omuk		after skill melee	Geisha	tense	rare	Hush.	1		0	…hush.	YES	安静	
vo_ply_ply_	gei_	melee_comment_	tense_01	vo_ply_ply_gei_melee_comment_tense_01				omuk		after skill melee	Geisha	tense	rare	Swift death.	2		0	Swift death.		瞬间死亡	
vo_ply_ply_	gei_	melee_comment_	dark_00	vo_ply_ply_gei_melee_comment_dark_00				omuk		after skill melee	Geisha	determined	rare	It is done …	4		0	It is done…	YES	结束了…	
vo_ply_ply_	gei_	knockout_select_	normal_00	vo_ply_ply_gei_knockout_select_normal_00				omuk	philipp	"sel skill knockout
switch from melee"	Geisha	stealthy		No blood.	2		0	No blood.		无须流血	
vo_ply_ply_	gei_	knockout_select_	normal_01	vo_ply_ply_gei_knockout_select_normal_01				omuk	philipp	"sel skill knockout
switch from melee"	Geisha	stealthy		No need to take a life.	6		0	No need to take a life.		无须取人性命	
vo_ply_ply_	gei_	knockout_select_	normal_02	vo_ply_ply_gei_knockout_select_normal_02				omuk	philipp	"sel skill knockout
switch from melee"	Geisha	stealthy		The mark must remain unharmed.	5		0	The mark must remain unharmed.		不能伤到猎物	
vo_ply_ply_	gei_	knockout_select_	tense_00	vo_ply_ply_gei_knockout_select_tense_00				omuk	philipp	"sel skill knockout
switch from melee"	Geisha	tense		No blood.	2		0	No blood.		无须流血	
vo_ply_ply_	gei_	knockout_select_	tense_01	vo_ply_ply_gei_knockout_select_tense_01				omuk	philipp	"sel skill knockout
switch from melee"	Geisha	tense		No death.	2		0	No death.		无须杀人	
vo_ply_ply_	gei_	knockout_select_	tense_02	vo_ply_ply_gei_knockout_select_tense_02				omuk	philipp	"sel skill knockout
switch from melee"	Geisha	tense		The mark must live.	4		0	The mark must live.		猎物必须是活的	
vo_ply_ply_	gei_	knockout_select_	dark_00	vo_ply_ply_gei_knockout_select_dark_00				omuk	philipp	"sel skill knockout
switch from melee"	Geisha	determined		We must do no harm.	5		0	We must do no harm.		不能伤人	
vo_ply_ply_	gei_	melee_execute_	normal_00	vo_ply_ply_gei_melee_execute_normal_00				omuk	philipp	use skill melee	Geisha	quietly	(sound) 3 quick, precice punches		0		0				
vo_ply_ply_	gei_	melee_execute_	normal_01	vo_ply_ply_gei_melee_execute_normal_01				omuk	philipp	use skill melee	Geisha	quietly	(sound) 3 quick, precice punches		0		0				
vo_ply_ply_	gei_	melee_execute_	normal_02	vo_ply_ply_gei_melee_execute_normal_02				omuk	philipp	use skill melee	Geisha	quietly	(sound) 3 quick, precice punches		0		0				
vo_ply_ply_	gei_	knockout_comment_	normal_00	vo_ply_ply_gei_knockout_comment_normal_00				omuk		after skill knockout	Geisha	stealthy	rare	The realm of dreams awaits.	5		0	The realm of dreams awaits.		梦中的世界在等着你	
vo_ply_ply_	gei_	knockout_comment_	normal_01	vo_ply_ply_gei_knockout_comment_normal_01				omuk		after skill knockout	Geisha	stealthy	rare	This one deserves a rest.	5		0	This one deserves a rest.		好好睡吧	
vo_ply_ply_	gei_	knockout_comment_	tense_00	vo_ply_ply_gei_knockout_comment_tense_00				omuk		after skill knockout	Geisha	tense	rare	Sleep now.	2		0	Sleep now.		睡吧	
vo_ply_ply_	gei_	knockout_comment_	dark_00	vo_ply_ply_gei_knockout_comment_dark_00				omuk		after skill knockout	Geisha	determined	rare	Let us move on.	4		0	Let us move on.		继续行动	
vo_ply_ply_	gei_	dropkill_execute_	normal_00	vo_ply_ply_gei_dropkill_execute_normal_00				omuk	philipp	use skill dropkill	Geisha	quietly	(sound) drop down attack		0		0				
vo_ply_ply_	gei_	dropkill_execute_	normal_01	vo_ply_ply_gei_dropkill_execute_normal_01				omuk	philipp	use skill dropkill	Geisha	quietly	(sound) drop down attack		0		0				
vo_ply_ply_	gei_	dropkill_execute_	normal_02	vo_ply_ply_gei_dropkill_execute_normal_02				omuk	philipp	use skill dropkill	Geisha	quietly	(sound) drop down attack		0		0				
vo_ply_ply_	gei_	dropkill_comment_	normal_00	vo_ply_ply_gei_dropkill_comment_normal_00				omuk		after skill dropkill	Geisha	stealthy	rare	Forgive my sudden intrusion.	4		0	Forgive my sudden intrusion.		抱歉，吓了一跳吧	
vo_ply_ply_	gei_	dropkill_comment_	tense_00	vo_ply_ply_gei_dropkill_comment_tense_00				omuk		after skill dropkill	Geisha	tense	rare	A simple exercise.	3		0	A simple exercise.		不过是练练手	
vo_ply_ply_	gei_	dropkill_comment_	dark_00	vo_ply_ply_gei_dropkill_comment_dark_00				omuk		after skill dropkill	Geisha	determined	rare	Onward.	1		0	Onward.		好了，继续前进	
vo_ply_ply_	gei_	disguise_comment_	normal_00	vo_ply_ply_gei_disguise_comment_normal_00				omuk		com skill disguise	Geisha	stealthy	rare	A change of clothes …	5		0	A change of clothes!	YES	换身衣服…	
vo_ply_ply_	gei_	disguise_comment_	normal_01	vo_ply_ply_gei_disguise_comment_normal_01				omuk		com skill disguise	Geisha	stealthy	rare	This will only take a moment …	7		0	This will only take a moment…	YES	麻烦稍等…	
vo_ply_ply_	gei_	disguise_comment_	normal_02	vo_ply_ply_gei_disguise_comment_normal_02				omuk		com skill disguise	Geisha	stealthy	rare	Hiding in plain sight …	5		0	Hiding in plain sight…	YES	光明正大地潜入…	
vo_ply_ply_	gei_	disguise_comment_	tense_00	vo_ply_ply_gei_disguise_comment_tense_00				omuk		com skill disguise	Geisha	tense	rare	Changing.	1		0	Changing.		更衣中…	
vo_ply_ply_	gei_	disguise_comment_	tense_01	vo_ply_ply_gei_disguise_comment_tense_01				omuk		com skill disguise	Geisha	tense	rare	A moment.	2		0	A moment!	YES	稍等	
vo_ply_ply_	gei_	disguise_comment_	tense_02	vo_ply_ply_gei_disguise_comment_tense_02				omuk		com skill disguise	Geisha	tense	rare	In plane sight.	3		0	In plain sight.	YES	就在眼皮子底下…	
vo_ply_ply_	gei_	disguise_comment_	dark_00	vo_ply_ply_gei_disguise_comment_dark_00				omuk		com skill disguise	Geisha	determined	rare	Done.	1		0	Done.		换好了	
vo_ply_ply_	gei_	disguise_command_none_	normal_00	vo_ply_ply_gei_disguise_command_none_normal_00				omuk	philipp	com skill disguise without disguise	Geisha	stealthy		First, I need a disguise.	5		0	First, I need a disguise.		首先，得找件衣服	
vo_ply_ply_	gei_	disguise_command_none_	normal_01	vo_ply_ply_gei_disguise_command_none_normal_01				omuk	philipp	com skill disguise without disguise	Geisha	stealthy		I cannot clothe myself with air.	6		0	I cannot clothe myself with air.		没有衣服穿可不行	
vo_ply_ply_	gei_	disguise_command_none_	normal_02	vo_ply_ply_gei_disguise_command_none_normal_02				omuk	philipp	com skill disguise without disguise	Geisha	stealthy		I do not have a disguise.	6		0	I do not have a disguise.		还没有伪装服	
vo_ply_ply_	gei_	disguise_command_none_	tense_00	vo_ply_ply_gei_disguise_command_none_tense_00				omuk	philipp	com skill disguise without disguise	Geisha	tense		I need a disguise.	4		0	I need a disguise.		需要伪装服	
vo_ply_ply_	gei_	disguise_command_none_	tense_01	vo_ply_ply_gei_disguise_command_none_tense_01				omuk	philipp	com skill disguise without disguise	Geisha	tense		I cannot without a disguise.	5		0	I cannot without a disguise.		没有伪装服可不行	
vo_ply_ply_	gei_	disguise_command_none_	tense_02	vo_ply_ply_gei_disguise_command_none_tense_02				omuk	philipp	com skill disguise without disguise	Geisha	tense		I have no disguise.	4		0	I have no disguise.		没有伪装服	
vo_ply_ply_	gei_	disguise_command_none_	dark_00	vo_ply_ply_gei_disguise_command_none_dark_00				omuk	philipp	com skill disguise without disguise	Geisha	determined		We must find a disguise.	5		0	We must find a disguise.		必须先找伪装服	
vo_ply_ply_	gei_	disguise_pickup_	normal_00	vo_ply_ply_gei_disguise_pickup_normal_00				omuk	philipp	pickup disguise	Geisha	stealthy		This will do nicely.	4		0	This will do nicely.		这件不错	
vo_ply_ply_	gei_	disguise_pickup_	normal_01	vo_ply_ply_gei_disguise_pickup_normal_01				omuk	philipp	pickup disguise	Geisha	stealthy		This looks like a good fit.	6		0	This looks like a good fit.		这件应该很合身	
vo_ply_ply_	gei_	disguise_pickup_	normal_02	vo_ply_ply_gei_disguise_pickup_normal_02				omuk	philipp	pickup disguise	Geisha	stealthy		I remember the last time I had one of these.	10		0	I remember the last time I had one of these.		这种衣服以前经常穿	
vo_ply_ply_	gei_	disguise_pickup_geisha_	normal_00	vo_ply_ply_gei_disguise_pickup_geisha_normal_00				omuk	philipp	pickup disguise	Geisha	stealthy	1 for temple	Ah, Hakama. I was never fond of those.	8		0	Ah, Hakama. I was never fond of those.		啊，是女袴，我向来不喜欢这种	
vo_ply_ply_	gei_	disguise_pickup_temple_	normal_00	vo_ply_ply_gei_disguise_pickup_temple_normal_00				omuk	philipp	pickup disguise	Geisha	stealthy	1 for geisha	What a finely crafted Kimono.	5		0	What a finely crafted Kimono.		这件和服真精致	
vo_ply_ply_	gei_	disguise_pickup_	tense_00	vo_ply_ply_gei_disguise_pickup_tense_00				omuk	philipp	pickup disguise	Geisha	tense		This will do fine.	4		0	This will do fine.		这件可以	
vo_ply_ply_	gei_	disguise_pickup_	tense_01	vo_ply_ply_gei_disguise_pickup_tense_01				omuk	philipp	pickup disguise	Geisha	tense		A good disguise.	3		0	A good disguise.		衣服不错	
vo_ply_ply_	gei_	disguise_pickup_	tense_02	vo_ply_ply_gei_disguise_pickup_tense_02				omuk	philipp	pickup disguise	Geisha	tense		This is what I need.	5		0	This is what I need.		找的就是这种	
vo_ply_ply_	gei_	disguise_pickup_	dark_00	vo_ply_ply_gei_disguise_pickup_dark_00				omuk	philipp	pickup disguise	Geisha	determined		I can help us with this.	6		0	I can help us with this.		这衣服能派上用场	
vo_ply_ply_	gei_	distract_select_	normal_00	vo_ply_ply_gei_distract_select_normal_00				omuk	philipp	sel skill distract	Geisha	stealthy		The gift of expression.	4		0	The gift of expression.		表达的才能	
vo_ply_ply_	gei_	distract_select_	normal_01	vo_ply_ply_gei_distract_select_normal_01				omuk	philipp	sel skill distract	Geisha	stealthy		My words will draw their eyes.	6		0	My words will draw their eyes.		我的妙语会让他们目不转睛	
vo_ply_ply_	gei_	distract_select_	normal_02	vo_ply_ply_gei_distract_select_normal_02				omuk	philipp	sel skill distract	Geisha	stealthy		The art of conversation.	4		0	The art of conversation.		对话的艺术	
vo_ply_ply_	gei_	distract_select_	tense_00	vo_ply_ply_gei_distract_select_tense_00				omuk	philipp	sel skill distract	Geisha	tense		Naturally.	1		0	Naturally.		天生我才	
vo_ply_ply_	gei_	distract_select_	tense_01	vo_ply_ply_gei_distract_select_tense_01				omuk	philipp	sel skill distract	Geisha	tense		My words will distract them.	5		0	My words will distract them.		让我的话语吸引他们的注意	
vo_ply_ply_	gei_	distract_select_	tense_02	vo_ply_ply_gei_distract_select_tense_02				omuk	philipp	sel skill distract	Geisha	tense		The art of distraction.	4		0	The art of distraction.		蛊惑的艺术	
vo_ply_ply_	gei_	distract_select_	dark_00	vo_ply_ply_gei_distract_select_dark_00				omuk	philipp	sel skill distract	Geisha	determined		I will draw their eyes.	5		0	I will draw their eyes.		我来吸引他们的注意	
vo_ply_ply_	gei_	distract_execute_	normal_00	vo_ply_ply_gei_distract_execute_normal_00				omuk	philipp	use skill distract 	Geisha	"charming
polite"	starts a conversation	Forgive me.	2		0	Forgive me…	YES	不好意思	
vo_ply_ply_	gei_	distract_execute_	normal_01	vo_ply_ply_gei_distract_execute_normal_01				omuk	philipp	use skill distract 	Geisha	"charming
polite"	starts a conversation	Apologies. 	2		0	Apologies. 		打扰一下	
vo_ply_ply_	gei_	distract_execute_	normal_02	vo_ply_ply_gei_distract_execute_normal_02				omuk	philipp	use skill distract 	Geisha	"charming
polite"	starts a conversation	My lord. 	3		0	My lord?	YES	呐，您好	
vo_ply_ply_	gei_	distract_continue_	normal_00	vo_ply_ply_gei_distract_continue_normal_00				omuk		use skill distract  cont.	Geisha	"charming
polite"	continues a conversation	A question if I may … 	7		0	A question, if I may… 	YES	可以问个问题吗？	
vo_ply_ply_	gei_	distract_continue_	normal_01	vo_ply_ply_gei_distract_continue_normal_01				omuk		use skill distract  cont.	Geisha	"charming
polite"	continues a conversation	I have a question …	5		0	I have a question?	YES	我想打听一下	
vo_ply_ply_	gei_	distract_continue_	normal_02	vo_ply_ply_gei_distract_continue_normal_02				omuk		use skill distract  cont.	Geisha	"charming
polite"	continues a conversation	I am embarrassed to ask, but …	7		0	I am embarrassed to ask, but…	YES	问这种事情真不好意思，不过…	
vo_ply_ply_	gei_	distract_during_	normal_00	vo_ply_ply_gei_distract_during_normal_00				omuk		during skill distract	Geisha	"charming
polite"	during a conversation	Oh, is that so  …	6		0	Oh, is that so…	YES	啊，这样啊…	
vo_ply_ply_	gei_	distract_during_	normal_01	vo_ply_ply_gei_distract_during_normal_01				omuk		during skill distract	Geisha	"charming
polite"	during a conversation	I did not know that  …	7		0	I did not know that!	YES	我真没听说呢…	
vo_ply_ply_	gei_	distract_during_	normal_02	vo_ply_ply_gei_distract_during_normal_02				omuk		during skill distract	Geisha	"charming
polite"	during a conversation	Another question, if I may  …	7		0	Another question, if I may…	YES	可以再问一下吗？	
vo_ply_ply_	gei_	distract_during_	normal_03	vo_ply_ply_gei_distract_during_normal_03				omuk		during skill distract	Geisha	"charming
polite"	during a conversation	Ah, that reminds me  …	6		0	Ah, that reminds me…	YES	啊，这么说来…	
vo_ply_ply_	gei_	distract_during_	normal_04	vo_ply_ply_gei_distract_during_normal_04				omuk		during skill distract	Geisha	"charming
polite"	during a conversation	May I ask another question ...	6		0	May I ask another question?	YES	我可以再打听下么？	
vo_ply_ply_	gei_	distract_during_	normal_05	vo_ply_ply_gei_distract_during_normal_05				omuk		during skill distract	Geisha	"charming
polite"	during a conversation	Please, tell me more …	5		0	Please tell me more…	YES	再给我讲讲…	
vo_ply_ply_	gei_	distract_during_	normal_06	vo_ply_ply_gei_distract_during_normal_06				omuk		during skill distract	Geisha	"charming
polite"	during a conversation	Please, continue …	3		0	Please, continue!	YES	咦，然后呢...？	
vo_ply_ply_	gei_	distract_end_	normal_00	vo_ply_ply_gei_distract_end_normal_00				omuk		stop skill distract	Geisha	"charming
polite"	end a conversation	My thanks. Farewell.	3		0	My thanks. Farewell!	YES	谢谢，再见	
vo_ply_ply_	gei_	distract_end_	normal_01	vo_ply_ply_gei_distract_end_normal_01				omuk		stop skill distract	Geisha	"charming
polite"	end a conversation	I thank you.	3		0	I thank you!	YES	谢谢了	
vo_ply_ply_	gei_	distract_end_	normal_02	vo_ply_ply_gei_distract_end_normal_02				omuk		stop skill distract	Geisha	"charming
polite"	end a conversation	You are most kind.	4		0	You are most kind!	YES	您真是好人	
vo_ply_ply_	gei_	blind_select_	normal_00	vo_ply_ply_gei_blind_select_normal_00				omuk	philipp	sel skill blind	Geisha	stealthy		A special powder.	3		0	A special powder.		特制粉末	
vo_ply_ply_	gei_	blind_select_	normal_01	vo_ply_ply_gei_blind_select_normal_01				omuk	philipp	sel skill blind	Geisha	stealthy		Perhaps the most elegant tool.	5		0	Perhaps the most elegant tool.		这或许是最优雅的道具了吧	
vo_ply_ply_	gei_	blind_select_	normal_02	vo_ply_ply_gei_blind_select_normal_02				omuk	philipp	sel skill blind	Geisha	stealthy		A remedy for watchful eyes.	5		0	A remedy for watchful eyes.		专治眼神好的	
vo_ply_ply_	gei_	blind_select_	tense_00	vo_ply_ply_gei_blind_select_tense_00				omuk	philipp	sel skill blind	Geisha	tense		Sneezing powder.	2		0	Sneezing powder.		喷嚏粉	
vo_ply_ply_	gei_	blind_select_	tense_01	vo_ply_ply_gei_blind_select_tense_01				omuk	philipp	sel skill blind	Geisha	tense		A useful tool.	3		0	A useful tool.		好用的道具	
vo_ply_ply_	gei_	blind_select_	tense_02	vo_ply_ply_gei_blind_select_tense_02				omuk	philipp	sel skill blind	Geisha	tense		They will briefly lose sight.	5		0	They will briefly lose sight.		可以让敌人暂时失明	
vo_ply_ply_	gei_	blind_select_	dark_00	vo_ply_ply_gei_blind_select_dark_00				omuk	philipp	sel skill blind	Geisha	determined		I will create an opportunity.	5		0	I will create an opportunity.		让我来创造时机	
vo_ply_ply_	gei_	blind_execute_	normal_00	vo_ply_ply_gei_blind_execute_normal_00				omuk	philipp	use skill blind	Geisha	quietly	(sound) throw a small vial		0		0				
vo_ply_ply_	gei_	blind_execute_	normal_01	vo_ply_ply_gei_blind_execute_normal_01				omuk	philipp	use skill blind	Geisha	quietly	(sound) drop down attack		0		0				
vo_ply_ply_	gei_	blind_execute_	normal_02	vo_ply_ply_gei_blind_execute_normal_02				omuk	philipp	use skill blind	Geisha	quietly	(sound) drop down attack		0		0				
vo_ply_ply_	gei_	blind_comment_	normal_00	vo_ply_ply_gei_blind_comment_normal_00				omuk		after skill blind	Geisha	stealthy	rare	It is only mildly irritating.	5		0	It is only mildly irritating.		稍微有点痒而已	
vo_ply_ply_	gei_	blind_comment_	normal_01	vo_ply_ply_gei_blind_comment_normal_01				omuk		after skill blind	Geisha	stealthy	rare	Wait for the reaction.	4		0	Wait for the reaction.		等等看效果	
vo_ply_ply_	gei_	blind_comment_	tense_00	vo_ply_ply_gei_blind_comment_tense_00				omuk		after skill blind	Geisha	tense	rare	Wait for the sneeze.	4		0	Wait for the sneeze!	YES	等他们打喷嚏	
vo_ply_ply_	gei_	blind_comment_	dark_00	vo_ply_ply_gei_blind_comment_dark_00				omuk		after skill blind	Geisha	determined	rare	Move swiftly.	2		0	Move swiftly.		快行动	
vo_ply_ply_	gei_	gun_select_	normal_00	vo_ply_ply_gei_gun_select_normal_00				omuk	philipp	sel skill gun	Geisha	stealthy		Not the most elegant solution.	5		0	Not the most elegant solution.		不是什么优雅的解决方法	
vo_ply_ply_	gei_	gun_select_	normal_01	vo_ply_ply_gei_gun_select_normal_01				omuk	philipp	sel skill gun	Geisha	stealthy		An unconventional tool.	3		0	An unconventional tool.		真是新奇的道具	
vo_ply_ply_	gei_	gun_select_	normal_02	vo_ply_ply_gei_gun_select_normal_02				omuk	philipp	sel skill gun	Geisha	stealthy		Death travels swiftly today.	4		0	Death travels swiftly today.		看来今天伤亡不会少	
vo_ply_ply_	gei_	gun_select_	tense_00	vo_ply_ply_gei_gun_select_tense_00				omuk	philipp	sel skill gun	Geisha	tense		An inelegant solution.	3		0	An inelegant solution.		这个可不优雅	
vo_ply_ply_	gei_	gun_select_	tense_01	vo_ply_ply_gei_gun_select_tense_01				omuk	philipp	sel skill gun	Geisha	tense		A crude instrument.	3		0	A crude instrument.		真是粗鲁的道具	
vo_ply_ply_	gei_	gun_select_	tense_02	vo_ply_ply_gei_gun_select_tense_02				omuk	philipp	sel skill gun	Geisha	tense		Desperate times!	2		0	Desperate times!		非常手段！	
vo_ply_ply_	gei_	gun_select_	dark_00	vo_ply_ply_gei_gun_select_dark_00				omuk	philipp	sel skill gun	Geisha	determined		We must use every advantage.	5		0	We must use every advantage.		要利用一切有利条件	
vo_ply_ply_	gei_	gun_comment_	normal_00	vo_ply_ply_gei_gun_comment_normal_00				omuk		com skill gun	Geisha	stealthy	"rare after shot
not after last shot"	Reloading.	1		0	Reloading.		重新装弹中	
vo_ply_ply_	gei_	gun_comment_	normal_01	vo_ply_ply_gei_gun_comment_normal_01				omuk		com skill gun	Geisha	stealthy	after loading last shot	My supplies dwindle.	3		0	My supplies dwindle.		补给已用光	
vo_ply_ply_	gei_	gun_comment_	tense_00	vo_ply_ply_gei_gun_comment_tense_00				omuk		after skill gun	Geisha	tense	"rare after shot
not after last shot"	Reloading!	1		0	Reloading!		重新装弹中！	
vo_ply_ply_	gei_	gun_comment_	tense_01	vo_ply_ply_gei_gun_comment_tense_01				omuk		after skill gun	Geisha	tense	after loading last shot	Down to my last.	4		0	Down to my last.		最后一发	
vo_ply_ply_	gei_	gun_comment_	dark_00	vo_ply_ply_gei_gun_comment_dark_00				omuk		after skill gun	Geisha	determined	"rare after shot
not after last shot"	Reloading!	1		0	Reloading!		重新装弹中！	
vo_ply_ply_	gei_	gun_comment_	dark_01	vo_ply_ply_gei_gun_comment_dark_01				omuk		after skill gun	Geisha	determined	after loading last shot	One shot remains.	3		0	One shot remains.		还剩一发	
vo_ply_ply_	gei_	ammo_pickup_execute_	normal_00	vo_ply_ply_gei_ammo_pickup_execute_normal_00				omuk	philipp	pickup ammo	Geisha	stealthy		How fortunate.	2		0	How fortunate.		真幸运	
vo_ply_ply_	gei_	ammo_pickup_execute_	normal_01	vo_ply_ply_gei_ammo_pickup_execute_normal_01				omuk	philipp	pickup ammo	Geisha	stealthy		It would be a shame to leave this here.	9		0	It would be a shame to leave this here.		放着不要就太可惜了	
vo_ply_ply_	gei_	ammo_pickup_execute_	normal_02	vo_ply_ply_gei_ammo_pickup_execute_normal_02				omuk	philipp	pickup ammo	Geisha	stealthy		Let us use it wisely.	5		0	Let us use it wisely.		好好利用这些补给	
vo_ply_ply_	gei_	ammo_pickup_execute_	tense_00	vo_ply_ply_gei_ammo_pickup_execute_tense_00				omuk	philipp	pickup ammo	Geisha	tense		I have found supplies.	4		0	I have found supplies.		发现补给	
vo_ply_ply_	gei_	ammo_pickup_execute_	tense_01	vo_ply_ply_gei_ammo_pickup_execute_tense_01				omuk	philipp	pickup ammo	Geisha	tense		We must use it wisely.	5		0	We must use it wisely.		必须要利用好	
vo_ply_ply_	gei_	ammo_pickup_execute_	tense_02	vo_ply_ply_gei_ammo_pickup_execute_tense_02				omuk	philipp	pickup ammo	Geisha	tense		Let us take this.	4		0	Let us take this.		我们就收下了	
vo_ply_ply_	gei_	ammo_pickup_execute_	dark_00	vo_ply_ply_gei_ammo_pickup_execute_dark_00				omuk	philipp	pickup ammo	Geisha	determined		We have need of this.	5		0	We have need of this.		这些用得着	
vo_ply_ply_	gei_	ammo_pickup_execute_	dark_01	vo_ply_ply_gei_ammo_pickup_execute_dark_01				omuk	philipp	pickup ammo	Geisha	determined		This will keep us alive.	5		0	This will keep us alive.		说不定能救我们一命	
vo_ply_ply_	gei_	heal_select_	normal_00	vo_ply_ply_gei_heal_select_normal_00				omuk	philipp	sel skill heal	Geisha	stealthy		Do we have injured?	4		0	Do we have injured?		谁受伤了吗？	
vo_ply_ply_	gei_	heal_select_	normal_01	vo_ply_ply_gei_heal_select_normal_01				omuk	philipp	sel skill heal	Geisha	stealthy		Let us treat our wounded.	5		0	Let us treat our wounded.		治疗一下伤者	
vo_ply_ply_	gei_	heal_select_	tense_00	vo_ply_ply_gei_heal_select_tense_00				omuk	philipp	sel skill heal	Geisha	tense		Is someone injured?	3		0	Is someone injured?		谁受伤了吗？	
vo_ply_ply_	gei_	heal_select_	tense_01	vo_ply_ply_gei_heal_select_tense_01				omuk	philipp	sel skill heal	Geisha	tense		We must treat our wounded.	5		0	We must treat our wounded.		伤者必须治疗	
vo_ply_ply_	gei_	heal_select_	dark_00	vo_ply_ply_gei_heal_select_dark_00				omuk	philipp	sel skill heal	Geisha	determined		No more will die here.	5		0	No more will die here.		不能再有人死在这里	
vo_ply_ply_	gei_	heal_execute_	normal_00	vo_ply_ply_gei_heal_execute_normal_00				omuk	philipp	use skill heal	Geisha	calm	(sound) treats wound		0		0				
vo_ply_ply_	gei_	heal_execute_	normal_01	vo_ply_ply_gei_heal_execute_normal_01				omuk	philipp	use skill heal	Geisha	calm	(sound) treats wound		0		0				
vo_ply_ply_	gei_	heal_execute_	normal_02	vo_ply_ply_gei_heal_execute_normal_02				omuk	philipp	use skill heal	Geisha	calm	(sound) treats wound		0		0				
vo_ply_ply_	gei_	heal_comment_	normal_00	vo_ply_ply_gei_heal_comment_normal_00				omuk		after skill heal	Geisha	stealthy	rare	Cuts and bruises, nothing more.	5		0	Cuts and bruises, nothing more.		不过是皮外伤	
vo_ply_ply_	gei_	heal_comment_	tense_00	vo_ply_ply_gei_heal_comment_tense_00				omuk		after skill heal	Geisha	tense	rare	The wounds are tended to.	5		0	The wounds are tended to.		伤口处理好了	
vo_ply_ply_	gei_	heal_comment_	dark_00	vo_ply_ply_gei_heal_comment_dark_00				omuk		after skill heal	Geisha	determined	rare	It will heal. Let us move on.	7		0	It will heal. Let us move on.		很快就好了，继续行动吧	
vo_ply_ply_	gei_	key_door_	normal_00	vo_ply_ply_gei_key_door_normal_00				omuk	philipp	can't open locked gate	Geisha	stealthy		This requires a key.	4		0	This requires a key.		须要钥匙	
vo_ply_ply_	gei_	key_door_	normal_01	vo_ply_ply_gei_key_door_normal_01				omuk	philipp	can't open locked gate	Geisha	stealthy		We will not get through without a key.	8		0	We will not get through without a key.		没有钥匙过不去的	
vo_ply_ply_	gei_	key_door_	normal_02	vo_ply_ply_gei_key_door_normal_02				omuk	philipp	can't open locked gate	Geisha	stealthy		Locked. Let us find the key.	6		0	Locked. Let us find the key.		上锁了，去找钥匙吧	
vo_ply_ply_	gei_	key_pickup_	normal_00	vo_ply_ply_gei_key_pickup_normal_00				omuk	philipp	pickup key	Geisha	stealthy		I will take this key.	5		0	I will take this key.		这把钥匙归我了	
vo_ply_ply_	gei_	key_pickup_	normal_01	vo_ply_ply_gei_key_pickup_normal_01				omuk	philipp	pickup key	Geisha	stealthy		This will open new paths for us.	7		0	This will open new paths for us.		这下可以开启新路了	
vo_ply_ply_	gei_	key_pickup_	normal_02	vo_ply_ply_gei_key_pickup_normal_02				omuk	philipp	pickup key	Geisha	stealthy		Let us find the lock to this key.	8		0	Let us find the lock to this key.		找找对应的锁吧	
vo_ply_ply_	gei_	key_unlock_	normal_00	vo_ply_ply_gei_key_unlock_normal_00				omuk	philipp	unlock gate with key	Geisha	stealthy		It is open.	3		0	It is open.		开了	
vo_ply_ply_	gei_	key_unlock_	normal_01	vo_ply_ply_gei_key_unlock_normal_01				omuk	philipp	unlock gate with key	Geisha	stealthy		I have opened it.	4		0	I have opened it.		我打开了	
vo_ply_ply_	gei_	key_unlock_	normal_02	vo_ply_ply_gei_key_unlock_normal_02				omuk	philipp	unlock gate with key	Geisha	stealthy		We can go through now.	5		0	We can go through now.		可以通过了	
vo_ply_ply_	gei_	joke_wait	normal_00	vo_ply_ply_gei_joke_waitnormal_00				omuk		waiting too long	Geisha			Is there a particular reason we are wasting our time here?	11		0	Is there a particular reason we are wasting our time here?		怎么在这儿浪费时间，有什么特别的理由吗？	
vo_ply_ply_	gei_	joke_running	normal_00	vo_ply_ply_gei_joke_runningnormal_00				omuk		running too much	Geisha		with a sigh	Does this accomplish anything?	4		0	Does this accomplish anything?		这有什么意义吗？	
vo_ply_ply_	gei_	joke_dropkill	normal_00	vo_ply_ply_gei_joke_dropkillnormal_00				omuk		distract 0.001% chance	Geisha			Guten Tag	2		0	Guten Tag!	YES	Guten Tag!	
vo_ply_ply_	gei_	joke_char_select_	normal_00	vo_ply_ply_gei_joke_char_select_normal_00				omuk		char select too often	Geisha			Anjin-San!	1		0	Anjin-san!	YES	按针大人！	
vo_ply_ply_	gei_	joke_char_select_	normal_01	vo_ply_ply_gei_joke_char_select_normal_01				omuk		char select too often	Geisha		Lady Mariko from Shogun (TV series)	In Japan, Anjin-San, there are only Japanese ways.	8		0	In Japan, Anjin-san, there are only Japanese ways.	YES	按针大人，既在日本，便要入乡随俗	
vo_ply_ply_	gei_	joke_char_select_	normal_02	vo_ply_ply_gei_joke_char_select_normal_02				omuk		char select too often	Geisha		Lady Mariko from Shogun (TV series)	Never trust anyone. It is one of life's most important rules.	11		0	Never trust anyone. It is one of life's most important rules.		永远不要相信任何人，这是人生最重要的信条	
vo_ply_ply_	gei_	joke_char_select_	normal_03	vo_ply_ply_gei_joke_char_select_normal_03				omuk		char select too often	Geisha		quote from Kill Bill	Revenge is never a straight line, it's a forest.	9		0	Revenge is never a straight line. It's a forest.	YES	复仇不是一条笔直大道，而是一片森林	
vo_ply_ply_	gei_	joke_char_select_	normal_04	vo_ply_ply_gei_joke_char_select_normal_04				omuk		char select too often	Geisha		quote from Kill Bill	And like a forest it easy to lose your way, to get lost... to forget where you came in.	19		0	And like a forest, it's easy to lose your way, to get lost…to forget where you came in.	YES	就像在森林里一样，寻仇者也容易迷路…迷失了方向，甚至忘了来时的路	
vo_ply_ply_	gei_	joke_char_select_	normal_05	vo_ply_ply_gei_joke_char_select_normal_05				omuk		char select too often	Geisha		quote from Memoirs of a Geisha	She paints her face to hide her face. Her eyes are deep water.	13		0	She paints her face to hide her face. Her eyes are deep water.		她以刻意的粉饰来掩盖真实的面容，她的眼睛深得像秋水…	
vo_ply_ply_	gei_	joke_char_select_	normal_06	vo_ply_ply_gei_joke_char_select_normal_06				omuk		char select too often	Geisha		quote from Memoirs of a Geisha	It is not for Geisha to want. It is not for Geisha to feel.	14		0	It is not for Geisha to want. It is not for Geisha to feel.		这不是一个艺伎该期盼的，这不是一个艺伎该感受的	
vo_ply_ply_	gei_	joke_char_select_	normal_07	vo_ply_ply_gei_joke_char_select_normal_07				omuk		char select too often	Geisha		quote from Memoirs of a Geisha	Geisha is an artist of the floating world.	8		0	Geisha is an artist of the floating world.		艺伎是浮世的艺术家	
vo_ply_ply_	gei_	joke_char_select_	normal_08	vo_ply_ply_gei_joke_char_select_normal_08				omuk		char select too often	Geisha		quote from Memoirs of a Geisha	She dances, she sings. She entertains you, whatever you want. 	10		0	She dances, she sings. She entertains you, whatever you want. 		她舞蹈…她歌唱…她取悦你…予取予求	
vo_ply_ply_	gei_	joke_char_select_	normal_09	vo_ply_ply_gei_joke_char_select_normal_09				omuk		char select too often	Geisha		quote from Memoirs of a Geisha	The rest is shadows, the rest is secret.	8		0	The rest is shadows, the rest is secret.		她生命的其余部份是阴影，是秘密	[艺伎回忆录].Memoirs.Of.A.Geisha.2005.XviD.AC3.CD3.Chs.srt
																					
														WORDCOUNT EN:	1080						
