PREFIX	CHAR	ACTION	SUFFIX	NAME	Variation	Loop	Gameplay	REC.	IMPL.	used for	SPEAKER	MOOD	COMMENT	EN	CEN	DE	CDE	EN - Proofread	Changed?	Simplified Chinese		
vo_ply_ply_	alc_	char_select_	normal_00	vo_ply_ply_alc_char_select_normal_00	Iconic	No	Yes	omuk	philipp	sel character	Alchemist	stealthy		Hehehe.	1		0	Hehehehe.	YES	呵呵呵呵		
vo_ply_ply_	alc_	char_select_	normal_01	vo_ply_ply_alc_char_select_normal_01				omuk	philipp	sel character	Alchemist	stealthy		Hmmm.	1		0	Hmmm.		嗯		
vo_ply_ply_	alc_	char_select_	normal_02	vo_ply_ply_alc_char_select_normal_02				omuk	philipp	sel character	Alchemist	stealthy		Heh, I see.	3		0	Heh, I see.		呵，这样啊		
vo_ply_ply_	alc_	char_select_	normal_03	vo_ply_ply_alc_char_select_normal_03				omuk	philipp	sel character	Alchemist	stealthy		Oh? How curious.	3		0	Oh? How curious.		哦？很有趣		
vo_ply_ply_	alc_	char_select_	normal_04	vo_ply_ply_alc_char_select_normal_04				omuk	philipp	sel character	Alchemist	stealthy		Hmm, there's a thought …	5		0	Hmm, there's a thought…	YES	嗯，我有个想法		
vo_ply_ply_	alc_	char_select_	normal_05	vo_ply_ply_alc_char_select_normal_05				omuk	philipp	sel character	Alchemist	stealthy		How long has it been …	6		0	How long has it been…	YES	过了多久了？		
vo_ply_ply_	alc_	char_select_	normal_06	vo_ply_ply_alc_char_select_normal_06				omuk	philipp	sel character	Alchemist	stealthy		The story is still being written.	6		0	The story is still being written.		故事还在继续		
vo_ply_ply_	alc_	char_select_	normal_07	vo_ply_ply_alc_char_select_normal_07				omuk	philipp	sel character	Alchemist	stealthy		Heh, still ready.	3		0	Hey! Still ready.	YES	嘿，时刻准备		
vo_ply_ply_	alc_	char_select_	normal_08	vo_ply_ply_alc_char_select_normal_08				omuk	philipp	sel character	Alchemist	stealthy		This is good …	4		0	This is good…	YES	很好…		
vo_ply_ply_	alc_	char_select_stationary_	normal_00	vo_ply_ply_alc_char_select_stationary_normal_00	Iconic	No	Yes	omuk	philipp	sel character stationary	Alchemist	calm		Hmm, in position.	3		0	Hm. In position.	YES	嗯，就位了		
vo_ply_ply_	alc_	char_select_stationary_	normal_01	vo_ply_ply_alc_char_select_stationary_normal_01				omuk	philipp	sel character stationary	Alchemist	calm		My hands are steady.	4		0	My hands are steady.		我的手还很稳		
vo_ply_ply_	alc_	char_select_stationary_	normal_03	vo_ply_ply_alc_char_select_stationary_normal_03				omuk	philipp	sel character stationary	Alchemist	calm		My eyes are sharp.	4		0	My eyes are sharp.		我的眼神很好		
vo_ply_ply_	alc_	char_select_stationary_	normal_04	vo_ply_ply_alc_char_select_stationary_normal_04				omuk	philipp	sel character stationary	Alchemist	calm		I will support you.	4		0	I will support you.		我来支援		
vo_ply_ply_	alc_	char_select_stationary_	normal_05	vo_ply_ply_alc_char_select_stationary_normal_05				omuk	philipp	sel character stationary	Alchemist	calm		Hehe, don't worry, I see you.	6		0	Hehe! Don't worry, I see you.	YES	嘿嘿，别担心，我看得到你		
vo_ply_ply_	alc_	char_select_	tense_00	vo_ply_ply_alc_char_select_tense_00	Iconic	No	Yes	omuk	philipp	sel character	Alchemist	tense		Hmm …	2		0	Ah, hmm…	YES	嗯…		
vo_ply_ply_	alc_	char_select_	tense_01	vo_ply_ply_alc_char_select_tense_01				omuk	philipp	sel character	Alchemist	tense		I think …	3		0	I think…	YES	我想…		
vo_ply_ply_	alc_	char_select_	tense_02	vo_ply_ply_alc_char_select_tense_02				omuk	philipp	sel character	Alchemist	tense		Precision.	1		0	Precision.		精准		
vo_ply_ply_	alc_	char_select_	tense_03	vo_ply_ply_alc_char_select_tense_03				omuk	philipp	sel character	Alchemist	tense		Ah, of course …	4		0	Ah, of course…	YES	啊，当然…		
vo_ply_ply_	alc_	char_select_	tense_04	vo_ply_ply_alc_char_select_tense_04				omuk	philipp	sel character	Alchemist	tense		Death is whimsical today.	4		0	Death is whimsical today.		今日死神肆虐		
vo_ply_ply_	alc_	char_select_	tense_05	vo_ply_ply_alc_char_select_tense_05				omuk	philipp	sel character	Alchemist	tense		I am still needed …	5		0	Oh! I'm still needed…	YES	老夫还有点用…		
vo_ply_ply_	alc_	char_select_	tense_06	vo_ply_ply_alc_char_select_tense_06				omuk	philipp	sel character	Alchemist	tense		Time is of the essence.	5		0	Time is of the essence.		时间就是一切		
vo_ply_ply_	alc_	char_select_	tense_07	vo_ply_ply_alc_char_select_tense_07				omuk	philipp	sel character	Alchemist	tense		A crucial moment …	4		0	Crucial moment…	YES	关键时刻…		
vo_ply_ply_	alc_	char_select_	tense_08	vo_ply_ply_alc_char_select_tense_08				omuk	philipp	sel character	Alchemist	tense		Ready as always.	3		0	Ready as always.		时刻准备着		
vo_ply_ply_	alc_	char_select_	dark_00	vo_ply_ply_alc_char_select_dark_00	Iconic	No	Yes	omuk	philipp	sel character	Alchemist	tired		Yuki-chan …	2		0	Yuki-chan…	YES	友希姑娘…		
vo_ply_ply_	alc_	char_select_	dark_01	vo_ply_ply_alc_char_select_dark_01				omuk	philipp	sel character	Alchemist	tired		Such darkness …	3		0	Such darkness…	YES	真是凄惨…		
vo_ply_ply_	alc_	char_select_	dark_02	vo_ply_ply_alc_char_select_dark_02				omuk	philipp	sel character	Alchemist	tired		How could I have been so blind …	8		0	How could I have been so blind…	YES	我怎么会这么盲目…		
vo_ply_ply_	alc_	char_select_	dark_03	vo_ply_ply_alc_char_select_dark_03				omuk	philipp	sel character	Alchemist	tired		Failed again …	3		0	Failed again…	YES	又失败了…		
vo_ply_ply_	alc_	char_select_	dark_04	vo_ply_ply_alc_char_select_dark_04				omuk	philipp	sel character	Alchemist	tired		Will this ever end …	5		0	Oh, will this ever end…	YES	何时才能脱离苦海…		
vo_ply_ply_	alc_	char_select_	dark_05	vo_ply_ply_alc_char_select_dark_05				omuk	philipp	sel character	Alchemist	tired		I feel tired …	4		0	I feel tired…	YES	老夫累了…		
vo_ply_ply_	alc_	char_select_	dark_06	vo_ply_ply_alc_char_select_dark_06				omuk	philipp	sel character	Alchemist	tired		Hmm …	2		0	Hmm…	YES	嗯…		
vo_ply_ply_	alc_	char_select_	cold_00	vo_ply_ply_alc_char_select_cold_00	Iconic	No	Yes	omuk	philipp	sel character	Alchemist	cold		Hrm, biting cold.	3		0	Hrm! Biting cold.	YES	呜，好冷		
vo_ply_ply_	alc_	char_select_	cold_01	vo_ply_ply_alc_char_select_cold_01				omuk	philipp	sel character	Alchemist	cold	slight shiver	Fresh breeze.	2		0	Fresh breeze.		刺骨寒风		
vo_ply_ply_	alc_	char_select_	cold_02	vo_ply_ply_alc_char_select_cold_02				omuk	philipp	sel character	Alchemist	cold		Hmm, snow all around.	4		0	Snow all around…	YES	到处都是积雪…		
vo_ply_ply_	alc_	char_select_	night_00	vo_ply_ply_alc_char_select_night_00	Iconic	No	Yes	omuk	philipp	sel character	Alchemist	mysterious		Ah, darkness, my old companion, hehe.	6		0	Ah, darkness: my old companion. Hehehe.	YES	啊，黑暗是我的老朋友了，呵呵		
vo_ply_ply_	alc_	char_select_	night_01	vo_ply_ply_alc_char_select_night_01				omuk	philipp	sel character	Alchemist	mysterious		I see just as well in the dark.	8		0	I see just as well in the dark.		黑暗中我也能看得见		
vo_ply_ply_	alc_	char_select_	night_02	vo_ply_ply_alc_char_select_night_02				omuk	philipp	sel character	Alchemist	mysterious		Hmm, I could use some rest.	6		0	I could use some rest…	YES	可以稍微休息一下		
vo_ply_ply_	alc_	char_select_	war_00	vo_ply_ply_alc_char_select_war_00	Iconic	No	Yes	omuk	philipp	sel character	Alchemist	a bit tired		Hmm, I did not miss the battlefield.	7		0	Hmm…I did not miss the battlefield.	YES	嗯…我可不怀念战场		
vo_ply_ply_	alc_	char_select_	war_01	vo_ply_ply_alc_char_select_war_01				omuk	philipp	sel character	Alchemist	a bit tired		Heh, familiar music.	3		0	Hehe! Familiar music.	YES	嘿嘿，怀念的旋律		
vo_ply_ply_	alc_	char_select_	war_02	vo_ply_ply_alc_char_select_war_02				omuk	philipp	sel character	Alchemist	a bit tired		Watch for cannon fire, hehe.	5		0	Watch for cannon fire, hehe.		小心炮火，呵呵		
vo_ply_ply_	alc_	char_select_	team_00	vo_ply_ply_alc_char_select_team_00	Iconic	No	Yes	omuk	philipp	sel character	Alchemist	confident		I have you in my sights, hehe.	7		0	I have you in my sights, hehe.		我看到你了，呵呵		
vo_ply_ply_	alc_	char_select_	team_01	vo_ply_ply_alc_char_select_team_01				omuk	philipp	sel character	Alchemist	confident		I will support you.	4		0	I will support you.		我来支援		
vo_ply_ply_	alc_	char_select_	team_02	vo_ply_ply_alc_char_select_team_02				omuk	philipp	sel character	Alchemist	confident		You can count on me.	5		0	You can count on me.		交给我吧		
vo_ply_ply_	alc_	char_select_	rain_00	vo_ply_ply_alc_char_select_rain_00	Iconic	No	Yes	omuk	philipp	sel character	Alchemist	dark		Hmm, the clouds are spiteful.	5		0	Hmm…the clouds are spiteful.	YES	嗯…云又来作怪了		
vo_ply_ply_	alc_	char_select_	rain_01	vo_ply_ply_alc_char_select_rain_01				omuk	philipp	sel character	Alchemist	dark		If rain could cleanse death …	6		0	If rain could cleanse death…		要是雨能净化死亡…		
vo_ply_ply_	alc_	char_select_	rain_02	vo_ply_ply_alc_char_select_rain_02				omuk	philipp	sel character	Alchemist	focussed		Keep your gunpowder dry.	4		0	Keep your gunpowder dry.		火药得保持干燥		
vo_ply_ply_	alc_	confirm_	normal_01	vo_ply_ply_alc_confirm_normal_01				omuk	philipp	com valid	Alchemist	stealthy		No one will notice.	4		0	No one will notice.		没人会发现		
vo_ply_ply_	alc_	confirm_	normal_01	vo_ply_ply_alc_confirm_normal_01				omuk	philipp	com valid	Alchemist	stealthy		Ah, patience.	2		0	Ah, patience.		啊，要耐心		
vo_ply_ply_	alc_	confirm_	normal_02	vo_ply_ply_alc_confirm_normal_02				omuk	philipp	com valid	Alchemist	stealthy		Why not enjoy the scenery?	5		0	Why not enjoy the scenery?		何不欣赏下美景？		
vo_ply_ply_	alc_	confirm_	normal_03	vo_ply_ply_alc_confirm_normal_03				omuk	philipp	com valid	Alchemist	stealthy		Ah, just a moment.	4		0	Mm, just a moment.	YES	嗯，稍等下		
vo_ply_ply_	alc_	confirm_	normal_04	vo_ply_ply_alc_confirm_normal_04				omuk	philipp	com valid	Alchemist	stealthy		Hmm, yes …	3		0	Hmm, yes…	YES	嗯，明白…		
vo_ply_ply_	alc_	confirm_	normal_05	vo_ply_ply_alc_confirm_normal_05				omuk	philipp	com valid	Alchemist	stealthy		A wise choice.	3		0	Ah! A wise choice.	YES	很有智慧		
vo_ply_ply_	alc_	confirm_	normal_06	vo_ply_ply_alc_confirm_normal_06				omuk	philipp	com valid	Alchemist	stealthy		Heh, a good thought.	4		0	A good thought.	YES	好想法		
vo_ply_ply_	alc_	confirm_	normal_07	vo_ply_ply_alc_confirm_normal_07				omuk	philipp	com valid	Alchemist	stealthy		A valid solution.	3		0	A valid solution.		好对策		
vo_ply_ply_	alc_	confirm_	normal_08	vo_ply_ply_alc_confirm_normal_08				omuk	philipp	com valid	Alchemist	stealthy		Yes, hehe.	2		0	Yes, hehe.		明白，嘿嘿		
vo_ply_ply_	alc_	confirm_	tense_00	vo_ply_ply_alc_confirm_tense_00				omuk	philipp	com valid	Alchemist	tense		I suggest we move.	4		0	I suggest we move.		最好动起来		
vo_ply_ply_	alc_	confirm_	tense_01	vo_ply_ply_alc_confirm_tense_01				omuk	philipp	com valid	Alchemist	tense		Coming, coming.	2		0	Coming, coming…	YES	来了，来了		
vo_ply_ply_	alc_	confirm_	tense_02	vo_ply_ply_alc_confirm_tense_02				omuk	philipp	com valid	Alchemist	tense		Hehe, don't worry about me.	5		0	Hehe, don't worry about me.		嘿嘿，别担心我		
vo_ply_ply_	alc_	confirm_	tense_03	vo_ply_ply_alc_confirm_tense_03				omuk	philipp	com valid	Alchemist	tense		Ah! I will be there shortly.	6		0	Ah! I'll be there shortly.	YES	啊，马上就到		
vo_ply_ply_	alc_	confirm_	tense_04	vo_ply_ply_alc_confirm_tense_04				omuk	philipp	com valid	Alchemist	tense		Yes, we should hurry.	4		0	Yes, we should hurry.		是的，得快点		
vo_ply_ply_	alc_	confirm_	tense_05	vo_ply_ply_alc_confirm_tense_05				omuk	philipp	com valid	Alchemist	tense		Hmm, this used to be easier.	6		0	This used to be easier…	YES	要是以前，根本不是问题		
vo_ply_ply_	alc_	confirm_	tense_06	vo_ply_ply_alc_confirm_tense_06				omuk	philipp	com valid	Alchemist	tense		Hrgh, damn leg.	3		0	Hrgh, damn leg.		啊啊，我的腿		
vo_ply_ply_	alc_	confirm_	tense_07	vo_ply_ply_alc_confirm_tense_07				omuk	philipp	com valid	Alchemist	tense		Heh, good exercise, yes?	4		0	Hehe! Good exercise, yes?	YES	嘿嘿，就当锻炼锻炼		
vo_ply_ply_	alc_	confirm_	tense_08	vo_ply_ply_alc_confirm_tense_08				omuk	philipp	com valid	Alchemist	tense		Oh, I will feel that in the morning.	8		0	Oh, I will feel that in the morning.		明早必定浑身酸痛了		
vo_ply_ply_	alc_	confirm_	dark_00	vo_ply_ply_alc_confirm_dark_00	Iconic	No	Yes	omuk	philipp	com valid	Alchemist	dark		Hrm …	2		0	Hrm…	YES	嗯…		
vo_ply_ply_	alc_	confirm_	dark_01	vo_ply_ply_alc_confirm_dark_01				omuk	philipp	com valid	Alchemist	dark		This can only end one way …	7		0	This can only end one way…	YES	该来的总会来...		
vo_ply_ply_	alc_	confirm_	dark_02	vo_ply_ply_alc_confirm_dark_02				omuk	philipp	com valid	Alchemist	dark		We should keep moving …	5		0	We should keep moving…	YES	应该继续前进…		
vo_ply_ply_	alc_	confirm_	dark_03	vo_ply_ply_alc_confirm_dark_03				omuk	philipp	com valid	Alchemist	dark		No … this is not over …	7		0	No… This is not over…	YES	不…还没有结束…		
vo_ply_ply_	alc_	confirm_	dark_04	vo_ply_ply_alc_confirm_dark_04				omuk	philipp	com valid	Alchemist	dark		Onward, if we must …	5		0	Onward, if we must…	YES	前进吧,既然别无选择…		
vo_ply_ply_	alc_	confirm_	dark_05	vo_ply_ply_alc_confirm_dark_05				omuk	philipp	com valid	Alchemist	doesn't care		Heh, of course …	4		0	Heh, of course…	YES	嘿,是啊…		
vo_ply_ply_	alc_	confirm_	cold_00	vo_ply_ply_alc_confirm_cold_00	Iconic	No	Yes	omuk	philipp	com valid	Alchemist	cold		Moving keeps you warm, hehe.	5		0	Moving keeps you warm, hehe.		运动可以保暖,嘿嘿		
vo_ply_ply_	alc_	confirm_	cold_01	vo_ply_ply_alc_confirm_cold_01				omuk	philipp	com valid	Alchemist	cold		Hmm, we should mind our tracks.	6		0	Ah, hm…we should mind our tracks.	YES	嗯…要注意脚印		
vo_ply_ply_	alc_	confirm_	cold_02	vo_ply_ply_alc_confirm_cold_02				omuk	philipp	com valid	Alchemist	cold		What is a little cold, eh?	6		0	What's a little cold, eh?	YES	冷有什么好怕的,对吧?		
vo_ply_ply_	alc_	confirm_	night_00	vo_ply_ply_alc_confirm_night_00	Iconic	No	Yes	omuk	philipp	com valid	Alchemist	focussed		Heh, we best avoid any campfires.	6		0	Heh, we best avoid any campfires.		呃,最好避开篝火		
vo_ply_ply_	alc_	confirm_	night_01	vo_ply_ply_alc_confirm_night_01				omuk	philipp	com valid	Alchemist	mysterious		Darkness can make you overconfident.	5		0	Darkness can make you overconfident.		黑暗使人鲁莽		
vo_ply_ply_	alc_	confirm_	night_02	vo_ply_ply_alc_confirm_night_02				omuk	philipp	com valid	Alchemist	mysterious		Hmm, light and dark. Quite poetic.	6		0	Hmm…light and dark. Quite poetic.	YES	嗯,光与影,真有诗意		
vo_ply_ply_	alc_	confirm_	war_00	vo_ply_ply_alc_confirm_war_00	Iconic	No	Yes	omuk	philipp	com valid	Alchemist	a bit tired		Once more into battle.	4		0	Once more into battle.		再战沙场		
vo_ply_ply_	alc_	confirm_	war_01	vo_ply_ply_alc_confirm_war_01				omuk	philipp	com valid	Alchemist	a bit tired		Hmm, this brings back memories.	5		0	This brings back memories.	YES	嗯,真是怀念		
vo_ply_ply_	alc_	confirm_	war_02	vo_ply_ply_alc_confirm_war_02				omuk	philipp	com valid	Alchemist	a bit tired		I will not climb any towers.	6		0	I will not climb any towers.		我再也不爬塔楼了		
vo_ply_ply_	alc_	confirm_	team_00	vo_ply_ply_alc_confirm_team_00	Iconic	No	Yes	omuk	philipp	com valid	Alchemist	confident		I am with you, Yuki-chan.	5		0	I'm with you, Yuki-chan.	YES	我和你一起,友希姑娘		
vo_ply_ply_	alc_	confirm_	team_01	vo_ply_ply_alc_confirm_team_01				omuk	philipp	com valid	Alchemist	confident		Like old times eh, Hayato-san.	5		0	Like old times eh, Hayato-san?	YES	就和当年一样嘛,隼人		
vo_ply_ply_	alc_	confirm_	team_02	vo_ply_ply_alc_confirm_team_02				omuk	philipp	com valid	Alchemist	confident		I will keep watch, Aiko-san.	5		0	I will keep watch, Aiko-san.		我会掩护你的,爱子小姐		
vo_ply_ply_	alc_	confirm_	team_03	vo_ply_ply_alc_confirm_team_03				omuk	philipp	com valid	Alchemist	confident		Hehe, our leader is watching.	5		0	Hehehe! Our leader is watching.	YES	嘿嘿,主将在看着呢		
vo_ply_ply_	alc_	confirm_	team_04	vo_ply_ply_alc_confirm_team_04				omuk	philipp	com valid	Alchemist	confident		Death has many faces.	4		0	Death has many faces.		死神有千面		
vo_ply_ply_	alc_	confirm_	rain_00	vo_ply_ply_alc_confirm_rain_00	Iconic	No	Yes	omuk	philipp	com valid	Alchemist	tough		Hmm, I do not mind the rain.	7		0	Hmm, I do not mind the rain.		嗯,下雨我不在乎		
vo_ply_ply_	alc_	confirm_	rain_01	vo_ply_ply_alc_confirm_rain_01				omuk	philipp	com valid	Alchemist	tough		My leg can get wet.	5		0	My leg can get wet.		我的腿可能弄湿		
vo_ply_ply_	alc_	confirm_	rain_02	vo_ply_ply_alc_confirm_rain_02				omuk	philipp	com valid	Alchemist	tough		Hmm, why should water stop us?	6		0	Why should water stop us?	YES	嗯,雨是挡不住我们的		
vo_ply_ply_	alc_	refuse_	normal_00	vo_ply_ply_alc_refuse_normal_00				omuk	philipp	com invalid	Alchemist	stealthy		It does not work like that.	6		0	It does not work like that.		这样行不通		
vo_ply_ply_	alc_	refuse_	normal_01	vo_ply_ply_alc_refuse_normal_01				omuk	philipp	com invalid	Alchemist	stealthy		Hmm, not the best idea.	5		0	Hmm. Not the best idea.	YES	嗯,不是好主意		
vo_ply_ply_	alc_	refuse_	normal_02	vo_ply_ply_alc_refuse_normal_02				omuk	philipp	com invalid	Alchemist	stealthy		No, I must rethink this.	5		0	No, I must rethink this.		不行,得重新考虑		
vo_ply_ply_	alc_	refuse_	tense_00	vo_ply_ply_alc_refuse_tense_00				omuk	philipp	com invalid	Alchemist	tense		That will not work.	4		0	That will not work.		行不通		
vo_ply_ply_	alc_	refuse_	tense_01	vo_ply_ply_alc_refuse_tense_01				omuk	philipp	com invalid	Alchemist	tense		Hmm, bad idea.	3		0	Hmm! Bad idea!	YES	嗯,这样不行		
vo_ply_ply_	alc_	refuse_	tense_02	vo_ply_ply_alc_refuse_tense_02				omuk	philipp	com invalid	Alchemist	tense		I must rethink.	3		0	I must rethink.		得重新考虑		
vo_ply_ply_	alc_	refuse_	dark_00	vo_ply_ply_alc_refuse_dark_00				omuk	philipp	com invalid	Alchemist	dark		No …	2		0	No…	YES	不好…		
vo_ply_ply_	alc_	refuse_	dark_01	vo_ply_ply_alc_refuse_dark_01				omuk	philipp	com invalid	Alchemist	dark		It won't work …	4		0	It won't work.	YES	做不到		
vo_ply_ply_	alc_	refuse_	dark_02	vo_ply_ply_alc_refuse_dark_02				omuk	philipp	com invalid	Alchemist	dark		That makes no sense …	5		0	That makes no sense…	YES	没道理…		
vo_ply_ply_	alc_	refuse_path_	normal_00	vo_ply_ply_alc_refuse_path_normal_00				omuk	philipp	com move unreachable	Alchemist	stealthy		Hmm, that would be difficult.	5		0	That would be difficult.	YES	似乎很难		
vo_ply_ply_	alc_	refuse_path_	normal_01	vo_ply_ply_alc_refuse_path_normal_01				omuk	philipp	com move unreachable	Alchemist	stealthy		Oh, not with my leg.	5		0	Oh, not with my leg.		啊,就我这腿,不行		
vo_ply_ply_	alc_	refuse_path_	normal_02	vo_ply_ply_alc_refuse_path_normal_02				omuk	philipp	com move unreachable	Alchemist	stealthy		Once, maybe. Not anymore.	4		0	Once, maybe. Not anymore.		以前还行,现在做不到了		
vo_ply_ply_	alc_	refuse_path_	tense_00	vo_ply_ply_alc_refuse_path_tense_00				omuk	philipp	com move unreachable	Alchemist	tense		Hmm, too difficult.	3		0	Oh, too difficult.	YES	嗯,太难了		
vo_ply_ply_	alc_	refuse_path_	tense_01	vo_ply_ply_alc_refuse_path_tense_01				omuk	philipp	com move unreachable	Alchemist	tense		Not with my leg.	4		0	Not with my leg.		就我这腿,不行		
vo_ply_ply_	alc_	refuse_path_	tense_02	vo_ply_ply_alc_refuse_path_tense_02				omuk	philipp	com move unreachable	Alchemist	tense		Not anymore.	2		0	Not anymore.		现在不行了		
vo_ply_ply_	alc_	refuse_door_enemy_	normal_00	vo_ply_ply_alc_refuse_door_enemy_normal_00				omuk	philipp	com door with enemy	Alchemist	stealthy		Hehe, should I say hello?	5		0	Hehe, should I say hello?		嘿嘿,是不是该先敲门?		
vo_ply_ply_	alc_	refuse_door_enemy_	normal_01	vo_ply_ply_alc_refuse_door_enemy_normal_01				omuk	philipp	com door with enemy	Alchemist	stealthy		Hmm, someone's inside.	3		0	Hm! Someone's inside.	YES	嗯…里面有人了		
vo_ply_ply_	alc_	refuse_door_enemy_	normal_02	vo_ply_ply_alc_refuse_door_enemy_normal_02				omuk	philipp	com door with enemy	Alchemist	stealthy		This one harbours the enemy.	5		0	This one harbors the enemy.	YES	这里面有人了		
vo_ply_ply_	alc_	refuse_door_enemy_	tense_00	vo_ply_ply_alc_refuse_door_enemy_tense_00				omuk	philipp	com door with enemy	Alchemist	tense		Heh, someone's inside.	3		0	Hm! Someone's inside.	YES	啊,里面有人		
vo_ply_ply_	alc_	refuse_door_enemy_	tense_01	vo_ply_ply_alc_refuse_door_enemy_tense_01				omuk	philipp	com door with enemy	Alchemist	tense		This one is occupied.	4		0	This one is occupied.		这里有人了		
vo_ply_ply_	alc_	refuse_door_enemy_	tense_02	vo_ply_ply_alc_refuse_door_enemy_tense_02				omuk	philipp	com door with enemy	Alchemist	tense		It harbours the enemy.	4		0	It harbors the enemy.	YES	里面已经有人了		
vo_ply_ply_	alc_	refuse_path_usable_	normal_00	vo_ply_ply_alc_refuse_path_usable_normal_00				omuk	philipp	com move unreachable without usables	Alchemist	stealthy		Heh, then I must find a shortcut.	7		0	Hehe! Then I must find a shortcut.	YES	啊,还是该找条近道		
vo_ply_ply_	alc_	refuse_path_usable_	normal_01	vo_ply_ply_alc_refuse_path_usable_normal_01				omuk	philipp	com move unreachable without usables	Alchemist	stealthy		Oh, I know of a better way.	7		0	Oh, I know of a better way.		啊,应该还有别的路		
vo_ply_ply_	alc_	refuse_path_usable_	normal_02	vo_ply_ply_alc_refuse_path_usable_normal_02				omuk	philipp	com move unreachable without usables	Alchemist	stealthy		A wise man takes the most efficient path.	8		0	A wise man takes the most efficient path.		聪明人得走最佳路线		
vo_ply_ply_	alc_	refuse_path_usable_	tense_00	vo_ply_ply_alc_refuse_path_usable_tense_00				omuk	philipp	com move unreachable without usables	Alchemist	tense		Then I must find a shortcut.	6		0	Then I must find a shortcut.		还是该找条近道		
vo_ply_ply_	alc_	refuse_path_usable_	tense_01	vo_ply_ply_alc_refuse_path_usable_tense_01				omuk	philipp	com move unreachable without usables	Alchemist	tense		I know of a better way.	6		0	I know of a better way.		应该还有别的路		
vo_ply_ply_	alc_	refuse_path_usable_	tense_02	vo_ply_ply_alc_refuse_path_usable_tense_02				omuk	philipp	com move unreachable without usables	Alchemist	tense		There is a more efficient path.	6		0	There is a more efficient path.		应该还有更佳的路线		
vo_ply_ply_	alc_	refuse_path_stationary_	normal_00	vo_ply_ply_alc_refuse_path_stationary_normal_00				omuk	philipp	com move stationary	Alchemist	calm		Oh, I am where I need to be.	8		0	Oh, I'm where I need to be.	YES	啊,我在这里挺好的		
vo_ply_ply_	alc_	refuse_path_stationary_	normal_01	vo_ply_ply_alc_refuse_path_stationary_normal_01				omuk	philipp	com move stationary	Alchemist	calm		Hehe, why leave? The view is perfect.	7		0	Hehe, why leave? The view is perfect.		嘿嘿,为什么要走?这边风景绝佳		
vo_ply_ply_	alc_	refuse_path_stationary_	normal_02	vo_ply_ply_alc_refuse_path_stationary_normal_02				omuk	philipp	com move stationary	Alchemist	calm		Hmm, no need to leave just yet.	7		0	No need to leave just yet.	YES	嗯,没必要现在就走		
vo_ply_ply_	alc_	refuse_cooldown_	normal_00	vo_ply_ply_alc_refuse_cooldown_normal_00				omuk	philipp	com skill on cooldown	Alchemist	stealthy		Ready in a moment.	4		0	Ready in a moment.		马上就好		
vo_ply_ply_	alc_	refuse_cooldown_	normal_01	vo_ply_ply_alc_refuse_cooldown_normal_01				omuk	philipp	com skill on cooldown	Alchemist	stealthy		Hmm, this still needs time.	5		0	Mmm…this still needs time…	YES	嗯,还需要点时间		
vo_ply_ply_	alc_	refuse_cooldown_	normal_02	vo_ply_ply_alc_refuse_cooldown_normal_02				omuk	philipp	com skill on cooldown	Alchemist	stealthy		Heh, not yet.	3		0	Hehe, not yet.	YES	嘿嘿,还没准备好		
vo_ply_ply_	alc_	refuse_cooldown_	tense_00	vo_ply_ply_alc_refuse_cooldown_tense_00				omuk	philipp	com skill on cooldown	Alchemist	tense		Ready in a moment.	4		0	Ready in a moment.		马上就好		
vo_ply_ply_	alc_	refuse_cooldown_	tense_01	vo_ply_ply_alc_refuse_cooldown_tense_01				omuk	philipp	com skill on cooldown	Alchemist	tense		It needs time.	3		0	It needs time.		还需要点时间		
vo_ply_ply_	alc_	refuse_cooldown_	tense_02	vo_ply_ply_alc_refuse_cooldown_tense_02				omuk	philipp	com skill on cooldown	Alchemist	tense		Ah, not yet.	3		0	Ah, not yet.		啊,还没准备好		
vo_ply_ply_	alc_	refuse_noammo_	normal_00	vo_ply_ply_alc_refuse_noammo_normal_00				omuk	philipp	com skill no ammo	Alchemist	stealthy		Hmm, I have run dry.	5		0	Hmm. I've run dry.	YES	嗯,没有弹药了		
vo_ply_ply_	alc_	refuse_noammo_	normal_01	vo_ply_ply_alc_refuse_noammo_normal_01				omuk	philipp	com skill no ammo	Alchemist	stealthy		Heh, empty. Pointless.	3		0	Hm! Empty. Pointless.	YES	啊,没弹药,用不了		
vo_ply_ply_	alc_	refuse_noammo_	normal_02	vo_ply_ply_alc_refuse_noammo_normal_02				omuk	philipp	com skill no ammo	Alchemist	stealthy		My supplies have dwindled.	4		0	My supplies have dwindled.		弹药已经用光了		
vo_ply_ply_	alc_	refuse_noammo_	tense_00	vo_ply_ply_alc_refuse_noammo_tense_00				omuk	philipp	com skill no ammo	Alchemist	tense		I have run out.	4		0	I've run out!	YES	没弹药了		
vo_ply_ply_	alc_	refuse_noammo_	tense_01	vo_ply_ply_alc_refuse_noammo_tense_01				omuk	philipp	com skill no ammo	Alchemist	tense		Hmm, I have nothing.	4		0	I have nothing!	YES	嗯,一点弹药都没有了		
vo_ply_ply_	alc_	refuse_noammo_	tense_02	vo_ply_ply_alc_refuse_noammo_tense_02				omuk	philipp	com skill no ammo	Alchemist	tense		I lack supplies.	3		0	I lack supplies.		我需要弹药		
vo_ply_ply_	alc_	take_damage_	normal_00	vo_ply_ply_alc_take_damage_normal_00				omuk	philipp	char take damage	Alchemist	hurting		Heh, that was too close.	5		0	Ugh! That was too close.	YES	啊,好险		
vo_ply_ply_	alc_	take_damage_	normal_01	vo_ply_ply_alc_take_damage_normal_01				omuk	philipp	char take damage	Alchemist	hurting		Argh … I have survived worse.	6		0	Hmph. I've survived worse.	YES	啊,这点小伤		
vo_ply_ply_	alc_	take_damage_	normal_02	vo_ply_ply_alc_take_damage_normal_02				omuk	philipp	char take damage	Alchemist	hurting	(sound) gets hurt		0		0					
vo_ply_ply_	alc_	take_damage_	normal_03	vo_ply_ply_alc_take_damage_normal_03				omuk	philipp	char take damage	Alchemist	hurting	(sound) gets hurt		0		0					
vo_ply_ply_	alc_	take_damage_	normal_04	vo_ply_ply_alc_take_damage_normal_04				omuk	philipp	char take damage	Alchemist	hurting	(sound) gets hurt		0		0					
vo_ply_ply_	alc_	take_damage_	normal_05	vo_ply_ply_alc_take_damage_normal_05				omuk	philipp	char take damage	Alchemist	hurting	(sound) gets hurt		0		0					
vo_ply_ply_	alc_	death_	normal_00	vo_ply_ply_alc_death_normal_00				omuk	philipp	char death	Alchemist	dying	dies in the end	N-no … not yet …	5		0	No, no… Not yet!	YES	不…我还没…		
vo_ply_ply_	alc_	death_	normal_01	vo_ply_ply_alc_death_normal_01				omuk	philipp	char death	Alchemist	dying	dies in the end	So … it wasn't enough …	6		0	So…it wasn't enough…	YES	看来…还远远不够…		
vo_ply_ply_	alc_	death_	normal_02	vo_ply_ply_alc_death_normal_02				omuk	philipp	char death after Lvl 8	Alchemist	dying	dies in the end	N-no … Yuki-chan …	4		0	No! No… Yuki-chan…	YES	不…友希姑娘…		
vo_ply_ply_	alc_	sniper_select_	normal_00	vo_ply_ply_alc_sniper_select_normal_00				omuk	philipp	sel skill sniper	Alchemist	stealthy		Hmm, taking position.	3		0	Hmm…taking position.	YES	嗯…已进入狙击位置		
vo_ply_ply_	alc_	sniper_select_	normal_01	vo_ply_ply_alc_sniper_select_normal_01				omuk	philipp	sel skill sniper	Alchemist	stealthy		Ah, such a fine view.	5		0	Ah, such a fine view.		啊,景色真美		
vo_ply_ply_	alc_	sniper_select_	normal_02	vo_ply_ply_alc_sniper_select_normal_02				omuk	philipp	sel skill sniper	Alchemist	stealthy		My hands are steady.	4		0	My hands are steady.		我的手还稳得住		
vo_ply_ply_	alc_	sniper_select_	tense_00	vo_ply_ply_alc_sniper_select_tense_00				omuk	philipp	sel skill sniper	Alchemist	tense		Hmm, taking position.	3		0	Hrm. Taking position.	YES	嗯,已进入狙击位置		
vo_ply_ply_	alc_	sniper_select_	tense_01	vo_ply_ply_alc_sniper_select_tense_01				omuk	philipp	sel skill sniper	Alchemist	tense		I will use my leg.	5		0	I will use my leg.		准备使用假腿		
vo_ply_ply_	alc_	sniper_select_	tense_02	vo_ply_ply_alc_sniper_select_tense_02				omuk	philipp	sel skill sniper	Alchemist	tense		Steady hands.	2		0	Steady hands.		手要稳		
vo_ply_ply_	alc_	sniper_select_	dark_00	vo_ply_ply_alc_sniper_select_dark_00				omuk	philipp	sel skill sniper	Alchemist	dark		Steady …	2		0	Steady…	YES	稳住…		
vo_ply_ply_	alc_	sniper_execute_	normal_00	vo_ply_ply_alc_sniper_execute_normal_00				omuk	philipp	use skill sniper	Alchemist		(sound) Ha! Gotcha!		0		0					
vo_ply_ply_	alc_	sniper_execute_	normal_01	vo_ply_ply_alc_sniper_execute_normal_01				omuk	philipp	use skill sniper	Alchemist		(sound) Ha! Gotcha!		0		0					
vo_ply_ply_	alc_	sniper_execute_	normal_02	vo_ply_ply_alc_sniper_execute_normal_02				omuk	philipp	use skill sniper	Alchemist		(sound) Ha! Gotcha!		0		0					
vo_ply_ply_	alc_	sniper_comment_	normal_00	vo_ply_ply_alc_sniper_comment_normal_00				omuk		after skill sniper	Alchemist	stealthy	rare	Hehe, no challenge.	3		0	Oh! Hehe, no challenge.	YES	嘿嘿,小菜一碟		
vo_ply_ply_	alc_	sniper_comment_	normal_01	vo_ply_ply_alc_sniper_comment_normal_01				omuk		after skill sniper	Alchemist	stealthy	rare	Hmm, simple.	2		0	Hmm, simple.		嗯,太简单了		
vo_ply_ply_	alc_	sniper_comment_	normal_02	vo_ply_ply_alc_sniper_comment_normal_02				omuk		after skill sniper	Alchemist	stealthy	rare	Ah, the red flower.	4		0	Ah, the red flower.		啊,血红的花朵		
vo_ply_ply_	alc_	sniper_comment_	tense_00	vo_ply_ply_alc_sniper_comment_tense_00				omuk		after skill sniper	Alchemist	tense	rare	Got you.	2		0	Got you.		干掉了		
vo_ply_ply_	alc_	sniper_comment_	dark_00	vo_ply_ply_alc_sniper_comment_dark_00				omuk		after skill sniper	Alchemist	dark	rare	Still steady.	2		0	Still steady.		还是一样稳		
vo_ply_ply_	alc_	golden_bullet_last_	normal_00	vo_ply_ply_alc_golden_bullet_last_normal_00				omuk	philipp	after use skill sniper if ammo is now 0 and golden bullet is active	Alchemist	foresighted		I'll save this last one for our target.	8		0	Yeah, I'll save this last one for our target.	YES	最后一发就留给任务目标吧		
vo_ply_ply_	alc_	golden_bullet_last_	normal_01	vo_ply_ply_alc_golden_bullet_last_normal_01				omuk	philipp	after use skill sniper if ammo is now 0 and golden bullet is active	Alchemist	cheerful		Hehe, good thing I saved one for the target.	9		0	Good thing I saved one for the target.	YES	嘿嘿,好在我还留了一发给任务目标		
vo_ply_ply_	alc_	golden_bullet_last_	normal_02	vo_ply_ply_alc_golden_bullet_last_normal_02				omuk	philipp	after use skill sniper if ammo is now 0 and golden bullet is active	Alchemist	foresighted		Hmm, I still have one for the target.	8		0	I still have one for the target.	YES	嗯,我还有一发可以给任务目标		
vo_ply_ply_	alc_	golden_bullet_refuse_	normal_00	vo_ply_ply_alc_golden_bullet_refuse_normal_00				omuk	philipp	use skill golden bullet wrong target	Alchemist	wise		A wise man wouldn't waste his final shot.	8		0	A wise man wouldn't waste his final shot.		智者不应白费最后一发子弹		
vo_ply_ply_	alc_	golden_bullet_refuse_	normal_01	vo_ply_ply_alc_golden_bullet_refuse_normal_01				omuk	philipp	use skill golden bullet wrong target	Alchemist	foresighted		No, this one must hit the target.	7		0	No, this one must hit the target.		不行,这一发必须打在目标上		
vo_ply_ply_	alc_	golden_bullet_refuse_	normal_02	vo_ply_ply_alc_golden_bullet_refuse_normal_02				omuk	philipp	use skill golden bullet wrong target	Alchemist	foresighted		Hrm, I must save this one for the target.	9		0	I must save this one for the target.	YES	不,这一发要留给任务目标		
vo_ply_ply_	alc_	ammo_pickup_execute_	normal_00	vo_ply_ply_alc_ammo_pickup_execute_normal_00				omuk	philipp	pickup ammo	Alchemist	stealthy		Yes, these will work.	4		0	Yes, these will work.		哦,太好了		
vo_ply_ply_	alc_	ammo_pickup_execute_	normal_01	vo_ply_ply_alc_ammo_pickup_execute_normal_01				omuk	philipp	pickup ammo	Alchemist	stealthy		Heh, fate smiles on us.	5		0	Hehe! Fate smiles on us.	YES	嘿嘿,天助我也		
vo_ply_ply_	alc_	ammo_pickup_execute_	normal_02	vo_ply_ply_alc_ammo_pickup_execute_normal_02				omuk	philipp	pickup ammo	Alchemist	stealthy		Ah, how generous.	3		0	Ah, how generous.		啊,真是太棒了		
vo_ply_ply_	alc_	ammo_pickup_execute_	tense_00	vo_ply_ply_alc_ammo_pickup_execute_tense_00				omuk	philipp	pickup ammo	Alchemist	tense		That will work.	3		0	That'll work, that'll work.	YES	很好,很好		
vo_ply_ply_	alc_	ammo_pickup_execute_	tense_01	vo_ply_ply_alc_ammo_pickup_execute_tense_01				omuk	philipp	pickup ammo	Alchemist	tense		Kind fate.	2		0	Kind fate.		老天有眼		
vo_ply_ply_	alc_	ammo_pickup_execute_	tense_02	vo_ply_ply_alc_ammo_pickup_execute_tense_02				omuk	philipp	pickup ammo	Alchemist	tense		Good fortune.	2		0	Good fortune.		运气真好		
vo_ply_ply_	alc_	ammo_pickup_execute_	dark_00	vo_ply_ply_alc_ammo_pickup_execute_dark_00				omuk	philipp	pickup ammo	Alchemist	dark		Use these wisely …	4		0	Use these wisely…	YES	这些一定要用好…		
vo_ply_ply_	alc_	grenade_select_	normal_00	vo_ply_ply_alc_grenade_select_normal_00				omuk	philipp	"sel skill grenade
switch from stungren."	Alchemist	stealthy		Hehe, fireworks are ready.	4		0	Fireworks are ready.	YES	嘿嘿,准备放烟花啦		
vo_ply_ply_	alc_	grenade_select_	normal_01	vo_ply_ply_alc_grenade_select_normal_01				omuk	philipp	"sel skill grenade
switch from stungren."	Alchemist	stealthy		Heh, plug your ears..	4		0	Plug your ears…	YES	嘿嘿,快捂好耳朵		
vo_ply_ply_	alc_	grenade_select_	normal_02	vo_ply_ply_alc_grenade_select_normal_02				omuk	philipp	"sel skill grenade
switch from stungren."	Alchemist	stealthy		Houroku-hiya.	1		0	Houroku-hiya.		焙烙火矢		
vo_ply_ply_	alc_	grenade_select_	normal_03	vo_ply_ply_alc_grenade_select_normal_03				omuk	philipp	"sel skill grenade
switch from stungren."	Alchemist	stealthy		Simple explosives.	2		0	Simple explosives.		简易炸弹		
vo_ply_ply_	alc_	grenade_select_	tense_00	vo_ply_ply_alc_grenade_select_tense_00				omuk	philipp	"sel skill grenade
switch from stungren."	Alchemist	tense		Hmm, fireworks ready.	3		0	Fireworks ready.	YES	嗯,准备放烟花啦		
vo_ply_ply_	alc_	grenade_select_	tense_01	vo_ply_ply_alc_grenade_select_tense_01				omuk	philipp	"sel skill grenade
switch from stungren."	Alchemist	tense		Brace yourselves.	2		0	Brace yourselves.		都抓好了		
vo_ply_ply_	alc_	grenade_select_	tense_02	vo_ply_ply_alc_grenade_select_tense_02				omuk	philipp	"sel skill grenade
switch from stungren."	Alchemist	tense		Houroku-hiya.	1		0	Houroku-hiya.		焙烙火矢		
vo_ply_ply_	alc_	grenade_select_	dark_00	vo_ply_ply_alc_grenade_select_dark_00				omuk	philipp	"sel skill grenade
switch from stungren."	Alchemist	dark		Destruction …	2		0	Destruction…	YES	毁灭时刻…		
vo_ply_ply_	alc_	grenade_execute_	normal_00	vo_ply_ply_alc_grenade_execute_normal_00				omuk	philipp	use skill grenade	Alchemist			Fly!	1		0	Fly!		走你!		
vo_ply_ply_	alc_	grenade_execute_	normal_01	vo_ply_ply_alc_grenade_execute_normal_01				omuk	philipp	use skill grenade	Alchemist			Steady!	1		0	Steady!		稳住!		
vo_ply_ply_	alc_	grenade_execute_	normal_02	vo_ply_ply_alc_grenade_execute_normal_02				omuk	philipp	use skill grenade	Alchemist			Hrmm!	1		0	Hrmm!		哈啊!		
vo_ply_ply_	alc_	grenade_comment_	normal_00	vo_ply_ply_alc_grenade_comment_normal_00				omuk		after skill grenade	Alchemist	stealthy	rare	Heh, a fine explosion.	4		0	Hm! A fine explosion.	YES	嘿嘿,炸得不错		
vo_ply_ply_	alc_	grenade_comment_	normal_01	vo_ply_ply_alc_grenade_comment_normal_01				omuk		after skill grenade	Alchemist	stealthy	rare	Hmm, a different mixture maybe.	5		0	Hmm…a different mixture, maybe.	YES	嗯…要不下次换个配方吧		
vo_ply_ply_	alc_	grenade_comment_	normal_02	vo_ply_ply_alc_grenade_comment_normal_02				omuk		after skill grenade	Alchemist	stealthy	rare	Now, let's see who noticed that.	6		0	Now, let's see who noticed that.		好了,看看有没有人注意到		
vo_ply_ply_	alc_	grenade_comment_	tense_00	vo_ply_ply_alc_grenade_comment_tense_00				omuk		after skill grenade	Alchemist	tense	rare	I do not have many of these.	7		0	I do not have many of these.		这玩意儿储备可不多		
vo_ply_ply_	alc_	grenade_comment_	dark_00	vo_ply_ply_alc_grenade_comment_dark_00				omuk		after skill grenade	Alchemist	dark	rare	Hmm, it has its limits.	5		0	Hmm, it has its limits.		嗯,炸弹也不是万能的		
vo_ply_ply_	alc_	stungrenade_select_	normal_00	vo_ply_ply_alc_stungrenade_select_normal_00				omuk	philipp	"sel skill stungrenade
switch from grenade"	Alchemist	stealthy		Hmm, this will put them to sleep.	7		0	Hehehe! This will put them to sleep.	YES	嗯,可以让他们都睡着		
vo_ply_ply_	alc_	stungrenade_select_	normal_01	vo_ply_ply_alc_stungrenade_select_normal_01				omuk	philipp	"sel skill stungrenade
switch from grenade"	Alchemist	stealthy		I agree. No need for death.	6		0	I agree. No need for death.		我赞成,没必要杀人		
vo_ply_ply_	alc_	stungrenade_select_	normal_02	vo_ply_ply_alc_stungrenade_select_normal_02				omuk	philipp	"sel skill stungrenade
switch from grenade"	Alchemist	stealthy		Hehe, our enemy is in luck.	6		0	Hehe, our enemy is in luck.		嘿嘿,算他们走运		
vo_ply_ply_	alc_	stungrenade_select_	tense_00	vo_ply_ply_alc_stungrenade_select_tense_00				omuk	philipp	"sel skill stungrenade
switch from grenade"	Alchemist	tense		It will put them to sleep.	6		0	It will put them to sleep.		可以让他们都睡着		
vo_ply_ply_	alc_	stungrenade_select_	tense_01	vo_ply_ply_alc_stungrenade_select_tense_01				omuk	philipp	"sel skill stungrenade
switch from grenade"	Alchemist	tense		Hmm, no need for death.	5		0	Hmm. No need for death.	YES	嗯,没必要杀人		
vo_ply_ply_	alc_	stungrenade_select_	tense_02	vo_ply_ply_alc_stungrenade_select_tense_02				omuk	philipp	"sel skill stungrenade
switch from grenade"	Alchemist	tense		Our enemy is in luck.	5		0	Our enemy is in luck.		算敌人走运		
vo_ply_ply_	alc_	stungrenade_select_	dark_00	vo_ply_ply_alc_stungrenade_select_dark_00				omuk	philipp	"sel skill stungrenade
switch from grenade"	Alchemist	dark		Hmm, this is too kind.	5		0	This is too kind.	YES	嗯,有点太仁慈了		
vo_ply_ply_	alc_	stungrenade_execute_	normal_00	vo_ply_ply_alc_stungrenade_execute_normal_00				omuk	philipp	use skill stungrenade	Alchemist		"same as grenade
don't record"		0		0					
vo_ply_ply_	alc_	stungrenade_execute_	normal_01	vo_ply_ply_alc_stungrenade_execute_normal_01				omuk	philipp	use skill stungrenade	Alchemist		"same as grenade
don't record"		0		0					
vo_ply_ply_	alc_	stungrenade_execute_	normal_02	vo_ply_ply_alc_stungrenade_execute_normal_02				omuk	philipp	use skill stungrenade	Alchemist		"same as grenade
don't record"		0		0					
vo_ply_ply_	alc_	stungrenade_comment_	normal_00	vo_ply_ply_alc_stungrenade_comment_normal_00				omuk		after skill stungrenade	Alchemist	stealthy	rare	Feeling tired, hehe?	3		0	Feeling tired, hehe?		嘿嘿,困了吧?		
vo_ply_ply_	alc_	stungrenade_comment_	normal_01	vo_ply_ply_alc_stungrenade_comment_normal_01				omuk		after skill stungrenade	Alchemist	stealthy	rare	Sleeping on duty?	3		0	Sleeping on duty?		在岗位上睡着了?		
vo_ply_ply_	alc_	stungrenade_comment_	normal_02	vo_ply_ply_alc_stungrenade_comment_normal_02				omuk		after skill stungrenade	Alchemist	stealthy	rare	Yes, take a nap.	4		0	Yes…take a nap.	YES	很好,睡吧		
vo_ply_ply_	alc_	stungrenade_comment_	tense_00	vo_ply_ply_alc_stungrenade_comment_tense_00				omuk		after skill stungrenade	Alchemist	tense	rare	Sleep now.	2		0	Sleep now.		现在就睡吧		
vo_ply_ply_	alc_	stungrenade_comment_	dark_00	vo_ply_ply_alc_stungrenade_comment_dark_00				omuk		after skill stungrenade	Alchemist	dark	rare	Hmm, it could be more effective …	7		0	Hmm… It could be more effective…	YES	嗯,其实有更有效率的选择...		
vo_ply_ply_	alc_	tanuki_place_select_	normal_00	vo_ply_ply_alc_tanuki_place_select_normal_00				omuk	philipp	sel skill place tanuki	Alchemist	stealthy		Kuma.	1		0	Kuma.		小熊		
vo_ply_ply_	alc_	tanuki_place_select_	normal_01	vo_ply_ply_alc_tanuki_place_select_normal_01				omuk	philipp	sel skill place tanuki	Alchemist	stealthy		Hmm, ready?	2		0	Hmm, ready?		嗯,准备好了?		
vo_ply_ply_	alc_	tanuki_place_select_	normal_02	vo_ply_ply_alc_tanuki_place_select_normal_02				omuk	philipp	sel skill place tanuki	Alchemist	stealthy		Kuma, listen.	2		0	Kuma, listen.		小熊,听好		
vo_ply_ply_	alc_	tanuki_place_select_	tense_00	vo_ply_ply_alc_tanuki_place_select_tense_00				omuk	philipp	sel skill place tanuki	Alchemist	tense		Kuma!	1		0	Kuma!		小熊!		
vo_ply_ply_	alc_	tanuki_place_select_	tense_01	vo_ply_ply_alc_tanuki_place_select_tense_01				omuk	philipp	sel skill place tanuki	Alchemist	tense		Be ready.	2		0	Be ready.		准备好		
vo_ply_ply_	alc_	tanuki_place_select_	tense_02	vo_ply_ply_alc_tanuki_place_select_tense_02				omuk	philipp	sel skill place tanuki	Alchemist	tense		Kuma, hear me.	3		0	Kuma, hear me.		小熊,听我说		
vo_ply_ply_	alc_	tanuki_place_select_	dark_00	vo_ply_ply_alc_tanuki_place_select_dark_00				omuk	philipp	sel skill place tanuki	Alchemist	dark		My friend …	3		0	My friend…	YES	我的伙伴…		
vo_ply_ply_	alc_	tanuki_place_execute_	normal_00	vo_ply_ply_alc_tanuki_place_execute_normal_00				omuk	philipp	use skill place tanuki	Alchemist	stealthy		Kuma, go.	2		0	Kuma, go.		小熊,上		
vo_ply_ply_	alc_	tanuki_place_execute_	normal_01	vo_ply_ply_alc_tanuki_place_execute_normal_01				omuk	philipp	use skill place tanuki	Alchemist	stealthy		Hehe, your turn.	3		0	Hehehe! Your turn.	YES	嘿嘿嘿,该你出马啦		
vo_ply_ply_	alc_	tanuki_place_execute_	normal_02	vo_ply_ply_alc_tanuki_place_execute_normal_02				omuk	philipp	use skill place tanuki	Alchemist	stealthy		Heh, you know what to do.	6		0	Heh, you know what to do.		嘿,去干活吧		
vo_ply_ply_	alc_	tanuki_place_execute_	tense_00	vo_ply_ply_alc_tanuki_place_execute_tense_00				omuk	philipp	use skill place tanuki	Alchemist	tense		Go!	1		0	Go!		上!		
vo_ply_ply_	alc_	tanuki_place_execute_	tense_01	vo_ply_ply_alc_tanuki_place_execute_tense_01				omuk	philipp	use skill place tanuki	Alchemist	tense		Your turn.	2		0	Your turn.		该你出马了		
vo_ply_ply_	alc_	tanuki_place_execute_	tense_02	vo_ply_ply_alc_tanuki_place_execute_tense_02				omuk	philipp	use skill place tanuki	Alchemist	tense		You know what to do.	5		0	You know what to do.		去干你的活吧		
vo_ply_ply_	alc_	tanuki_place_execute_	dark_00	vo_ply_ply_alc_tanuki_place_execute_dark_00				omuk	philipp	use skill place tanuki	Alchemist	dark		You must help us …	5		0	You must help us…	YES	我们就靠你了		
vo_ply_ply_	alc_	tanuki_howl_start_	normal_00	vo_ply_ply_alc_tanuki_howl_start_normal_00				omuk	philipp	start howl tanuki	Alchemist	stealthy		Kuma, distract them.	3		0	Kuma, distract them.		小熊,勾引他们		
vo_ply_ply_	alc_	tanuki_howl_start_	normal_01	vo_ply_ply_alc_tanuki_howl_start_normal_01				omuk	philipp	start howl tanuki	Alchemist	stealthy		Now call them.	3		0	Now call them.		朝他们吼叫吧		
vo_ply_ply_	alc_	tanuki_howl_start_	normal_02	vo_ply_ply_alc_tanuki_howl_start_normal_02				omuk	philipp	start howl tanuki	Alchemist	stealthy		Work your charms, Kuma.	4		0	Work your charms, Kuma.		展现你的魅力吧,小熊		
vo_ply_ply_	alc_	tanuki_howl_start_	tense_00	vo_ply_ply_alc_tanuki_howl_start_tense_00				omuk	philipp	start howl tanuki	Alchemist	tense		Distract them.	2		0	Distract them.		勾引他们		
vo_ply_ply_	alc_	tanuki_howl_start_	tense_01	vo_ply_ply_alc_tanuki_howl_start_tense_01				omuk	philipp	start howl tanuki	Alchemist	tense		Call them.	2		0	Call them.		朝他们吼叫		
vo_ply_ply_	alc_	tanuki_howl_start_	tense_02	vo_ply_ply_alc_tanuki_howl_start_tense_02				omuk	philipp	start howl tanuki	Alchemist	tense		Lure them to you.	4		0	Lure them to you.		吸引住他们		
vo_ply_ply_	alc_	tanuki_howl_start_	dark_00	vo_ply_ply_alc_tanuki_howl_start_dark_00				omuk	philipp	start howl tanuki	Alchemist	dark		Distract them for us …	5		0	Distract them for us…	YES	把他们引开		
vo_ply_ply_	alc_	tanuki_howl_stop_	normal_00	vo_ply_ply_alc_tanuki_howl_stop_normal_00				omuk	philipp	stop howl tanuki	Alchemist	stealthy		Kuma, stop.	2		0	Kuma, stop.		小熊,别叫了		
vo_ply_ply_	alc_	tanuki_howl_stop_	normal_01	vo_ply_ply_alc_tanuki_howl_stop_normal_01				omuk	philipp	stop howl tanuki	Alchemist	stealthy		That is enough, Kuma.	4		0	That's enough, Kuma.	YES	可以了,小熊		
vo_ply_ply_	alc_	tanuki_howl_stop_	normal_02	vo_ply_ply_alc_tanuki_howl_stop_normal_02				omuk	philipp	stop howl tanuki	Alchemist	stealthy		Heh, well done.	3		0	Hehehe! Well done.	YES	嘿,干得不错		
vo_ply_ply_	alc_	tanuki_howl_stop_	tense_00	vo_ply_ply_alc_tanuki_howl_stop_tense_00				omuk	philipp	stop howl tanuki	Alchemist	tense		Stop.	1		0	Stop.		别叫了		
vo_ply_ply_	alc_	tanuki_howl_stop_	tense_01	vo_ply_ply_alc_tanuki_howl_stop_tense_01				omuk	philipp	stop howl tanuki	Alchemist	tense		That's enough.	2		0	That's enough.		可以了,小熊		
vo_ply_ply_	alc_	tanuki_howl_stop_	tense_02	vo_ply_ply_alc_tanuki_howl_stop_tense_02				omuk	philipp	stop howl tanuki	Alchemist	tense		Well done.	2		0	Well done.		干得不错		
vo_ply_ply_	alc_	tanuki_howl_stop_	dark_00	vo_ply_ply_alc_tanuki_howl_stop_dark_00				omuk	philipp	stop howl tanuki	Alchemist	dark		Enough …	2		0	Enough…	YES	够了…		
vo_ply_ply_	alc_	tanuki_callback_select_	normal_00	vo_ply_ply_alc_tanuki_callback_select_normal_00				omuk	philipp	sel call back tanuki	Alchemist	stealthy		Hmm, I should call for Kuma.	6		0	I should call for Kuma.	YES	嗯,该把小熊叫回来了		
vo_ply_ply_	alc_	tanuki_callback_select_	normal_01	vo_ply_ply_alc_tanuki_callback_select_normal_01				omuk	philipp	sel call back tanuki	Alchemist	stealthy		Maybe Kuma should return.	4		0	Maybe Kuma should return.		小熊该回来了		
vo_ply_ply_	alc_	tanuki_callback_select_	normal_02	vo_ply_ply_alc_tanuki_callback_select_normal_02				omuk	philipp	sel call back tanuki	Alchemist	stealthy		Hehe, he will be eager to come back.	8		0	He will be eager to come back.	YES	嘿嘿,他应该也想回来了		
vo_ply_ply_	alc_	tanuki_callback_select_	tense_00	vo_ply_ply_alc_tanuki_callback_select_tense_00				omuk	philipp	sel call back tanuki	Alchemist	tense		I should call him.	4		0	I should call him.		该叫小熊回来了		
vo_ply_ply_	alc_	tanuki_callback_select_	tense_01	vo_ply_ply_alc_tanuki_callback_select_tense_01				omuk	philipp	sel call back tanuki	Alchemist	tense		He should return.	3		0	He should return.		小熊该回来了		
vo_ply_ply_	alc_	tanuki_callback_select_	tense_02	vo_ply_ply_alc_tanuki_callback_select_tense_02				omuk	philipp	sel call back tanuki	Alchemist	tense		He should come back.	4		0	He should come back.		他该回来了		
vo_ply_ply_	alc_	tanuki_callback_select_	dark_00	vo_ply_ply_alc_tanuki_callback_select_dark_00				omuk	philipp	sel call back tanuki	Alchemist	dark		I need him …	4		0	I need him…	YES	我需要他…		
vo_ply_ply_	alc_	tanuki_callback_comment_	normal_00	vo_ply_ply_alc_tanuki_callback_comment_normal_00				omuk		after call back tanuki	Alchemist	stealthy	rare	Kuma, return.	2		0	Kuma, return.		小熊,回来		
vo_ply_ply_	alc_	tanuki_callback_comment_	tense_00	vo_ply_ply_alc_tanuki_callback_comment_tense_00				omuk		after call back tanuki	Alchemist	tense	rare	Come back.	2		0	Come back.		回来		
vo_ply_ply_	alc_	tanuki_callback_comment_	dark_00	vo_ply_ply_alc_tanuki_callback_comment_dark_00				omuk		after call back tanuki	Alchemist	dark	rare	Come home …	3		0	Come home…	YES	回家吧…		
vo_ply_ply_	alc_	tanuki_pickup_	normal_00	vo_ply_ply_alc_tanuki_pickup_normal_00				omuk		pickup tanuki	Alchemist	stealthy	rare	Hehe, tired already?	3		0	Hehehe…tired already?	YES	嘿嘿,累了吧?		
vo_ply_ply_	alc_	tanuki_pickup_	normal_01	vo_ply_ply_alc_tanuki_pickup_normal_01				omuk		pickup tanuki	Alchemist	stealthy	rare	There you are, hehe.	4		0	There you are! Hehe.	YES	你终于回来啦,嘿嘿		
vo_ply_ply_	alc_	tanuki_pickup_	normal_02	vo_ply_ply_alc_tanuki_pickup_normal_02				omuk		pickup tanuki	Alchemist	stealthy	rare	Hmm, you did well.	4		0	Hmm, you did well.		嗯,干得不错		
vo_ply_ply_	alc_	tanuki_pickup_	tense_00	vo_ply_ply_alc_tanuki_pickup_tense_00				omuk		pickup tanuki	Alchemist	tense	rare	There you are.	3		0	There you are.		你回来了		
vo_ply_ply_	alc_	tanuki_pickup_	dark_00	vo_ply_ply_alc_tanuki_pickup_dark_00				omuk		pickup tanuki	Alchemist	dark	rare	You did well.	3		0	You did well.		干得不错		
vo_ply_ply_	alc_	tanuki_invincible_	normal_00	vo_ply_ply_alc_tanuki_invincible_normal_00				omuk		"tanuki is invincible
(i.e. survives explosion)"	Alchemist	suspicious	in case the player throws a grenade on Kuma or something	One might wonder how you survived that, Kuma.	8		0	One might wonder how you survived that, Kuma.		你刚才是怎么活下来的,小熊		
vo_ply_ply_	alc_	tanuki_invincible_	normal_01	vo_ply_ply_alc_tanuki_invincible_normal_01				omuk		"tanuki is invincible
(i.e. survives explosion)"	Alchemist	intrigued	in case the player throws a grenade on Kuma or something	Hmm, not a scratch. How does Kuma  do that?	10		0	Not a scratch! How does Kuma do that?	YES	嗯,毫发无伤,怎么做到的?		
vo_ply_ply_	alc_	tanuki_invincible_	normal_02	vo_ply_ply_alc_tanuki_invincible_normal_02				omuk		"tanuki is invincible
(i.e. survives explosion)"	Alchemist	"worried
relieved"	in case the player throws a grenade on Kuma or something	Kuma! … Ah, you are unharmed.	6		0	Kuma! …ah, you are unharmed.	YES	小熊!...看来毫发无伤嘛		
vo_ply_ply_	alc_	gun_select_	normal_00	vo_ply_ply_alc_gun_select_normal_00				omuk	philipp	sel skill gun	Alchemist	stealthy		Heh, time for small arms.	5		0	Time for small arms.	YES	嘿,该用用小武器了		
vo_ply_ply_	alc_	gun_select_	normal_01	vo_ply_ply_alc_gun_select_normal_01				omuk	philipp	sel skill gun	Alchemist	stealthy		Medium range will do.	4		0	Medium range will do.		用中距离的就够了		
vo_ply_ply_	alc_	gun_select_	normal_02	vo_ply_ply_alc_gun_select_normal_02				omuk	philipp	sel skill gun	Alchemist	stealthy		The envy of Tanegashima.	4		0	The envy of Tanegashima.		种子岛也会羡慕这把枪的		
vo_ply_ply_	alc_	gun_select_	tense_00	vo_ply_ply_alc_gun_select_tense_00				omuk	philipp	sel skill gun	Alchemist	tense		Hmm, small arms.	3		0	Hm. Small arms.	YES	嗯,用小武器		
vo_ply_ply_	alc_	gun_select_	tense_01	vo_ply_ply_alc_gun_select_tense_01				omuk	philipp	sel skill gun	Alchemist	tense		Medium range.	2		0	Medium range.		中距离已足够		
vo_ply_ply_	alc_	gun_select_	tense_02	vo_ply_ply_alc_gun_select_tense_02				omuk	philipp	sel skill gun	Alchemist	tense		A good weapon.	3		0	A good weapon.		好枪		
vo_ply_ply_	alc_	gun_select_	dark_00	vo_ply_ply_alc_gun_select_dark_00				omuk	philipp	sel skill gun	Alchemist	dark		Taking aim …	3		0	Taking aim…	YES	瞄准…		
vo_ply_ply_	alc_	gun_comment_	normal_00	vo_ply_ply_alc_gun_comment_normal_00				omuk		after skill gun	Alchemist	stealthy	"rare after shot
not after last shot"	Hehe, reloading.	2		0	Hehe! Reloading!	YES	嘿嘿，装弹中		
vo_ply_ply_	alc_	gun_command_	normal_01	vo_ply_ply_alc_gun_command_normal_01				omuk		after skill gun	Alchemist	stealthy	after loading last shot	Hmm, final shot.	3		0	Final shot.	YES	嗯,最后一发		
vo_ply_ply_	alc_	gun_command_	tense_00	vo_ply_ply_alc_gun_command_tense_00				omuk		after skill gun	Alchemist	tense	"rare after shot
not after last shot"	Hrm, reloading.	2		0	Hehe. Reloading.	YES	嗯，装弹中		
vo_ply_ply_	alc_	gun_command_	tense_01	vo_ply_ply_alc_gun_command_tense_01				omuk		after skill gun	Alchemist	tense	after loading last shot	Hrm, final shot.	3		0	Hrm. Final shot.	YES	嗯,最后一发		
vo_ply_ply_	alc_	gun_command_	dark_00	vo_ply_ply_alc_gun_command_dark_00				omuk		after skill gun	Alchemist	dark	"rare after shot
not after last shot"	Reloading …	2		0	Reloading…	YES	装弹中…		
vo_ply_ply_	alc_	gun_command_	dark_01	vo_ply_ply_alc_gun_command_dark_01				omuk		after skill gun	Alchemist	dark	after loading last shot	Final shot …	3		0	Final…shot…	YES	最后一发…		
vo_ply_ply_	alc_	heal_select_	normal_00	vo_ply_ply_alc_heal_select_normal_00				omuk	philipp	sel skill heal	Alchemist	stealthy		Hehe, what needs treating?	4		0	Hehe! What needs treating?	YES	嘿嘿,谁需要治疗?		
vo_ply_ply_	alc_	heal_select_	normal_01	vo_ply_ply_alc_heal_select_normal_01				omuk	philipp	sel skill heal	Alchemist	stealthy		Heh, I can heal any injury.	6		0	I can heal any injury.	YES	嘿,包治百病		
vo_ply_ply_	alc_	heal_select_	normal_02	vo_ply_ply_alc_heal_select_normal_02				omuk	philipp	sel skill heal	Alchemist	stealthy		Hmm, any wounds need mending?	5		0	Hmm, any wounds need mending?		嗯,需要包扎伤口吗?		
vo_ply_ply_	alc_	heal_select_	tense_00	vo_ply_ply_alc_heal_select_tense_00				omuk	philipp	sel skill heal	Alchemist	tense		What needs mending?	3		0	What needs mending?		需要包扎伤口吗?		
vo_ply_ply_	alc_	heal_select_	tense_01	vo_ply_ply_alc_heal_select_tense_01				omuk	philipp	sel skill heal	Alchemist	tense		I will treat our injured.	5		0	I will treat our injured.		我会治疗伤员		
vo_ply_ply_	alc_	heal_select_	tense_02	vo_ply_ply_alc_heal_select_tense_02				omuk	philipp	sel skill heal	Alchemist	tense		Hmm, any wounds?	3		0	Any wounds?	YES	谁受伤了?		
vo_ply_ply_	alc_	heal_select_	dark_00	vo_ply_ply_alc_heal_select_dark_00				omuk	philipp	sel skill heal	Alchemist	dark		Any wounded?	2		0	Any wounded?		谁受伤了?		
vo_ply_ply_	alc_	heal_execute_	normal_00	vo_ply_ply_alc_heal_execute_normal_00				omuk	philipp	use skill heal	Alchemist		(sound) treats wound		0		0					
vo_ply_ply_	alc_	heal_execute_	normal_01	vo_ply_ply_alc_heal_execute_normal_01				omuk	philipp	use skill heal	Alchemist		(sound) treats wound		0		0					
vo_ply_ply_	alc_	heal_execute_	normal_02	vo_ply_ply_alc_heal_execute_normal_02				omuk	philipp	use skill heal	Alchemist		(sound) treats wound		0		0					
vo_ply_ply_	alc_	heal_comment_	normal_00	vo_ply_ply_alc_heal_comment_normal_00				omuk		after skill heal	Alchemist	stealthy	rare	Hmm, I took care of it.	6		0	Hehe. I took care of it.	YES	嗯,治好了		
vo_ply_ply_	alc_	heal_comment_	normal_01	vo_ply_ply_alc_heal_comment_normal_01				omuk		after skill heal	Alchemist	stealthy	rare	Hehe, this looks worse than it is.	7		0	Hehe! Ah, this looks worse than it is.	YES	嘿嘿,没什么大碍		
vo_ply_ply_	alc_	heal_comment_	normal_02	vo_ply_ply_alc_heal_comment_normal_02				omuk		after skill heal	Alchemist	stealthy	rare	It will stop hurting soon.	5		0	It will stop hurting soon.		很快就不疼了		
vo_ply_ply_	alc_	heal_comment_	tense_00	vo_ply_ply_alc_heal_comment_tense_00				omuk		after skill heal	Alchemist	tense	rare	It will heal.	3		0	It will heal.		很快就好了		
vo_ply_ply_	alc_	heal_comment_	dark_00	vo_ply_ply_alc_heal_comment_dark_00				omuk		after skill heal	Alchemist	dark	rare	Death will leave empty handed.	5		0	Death will leave empty-handed.	YES	死神将空手而归		
vo_ply_ply_	alc_	key_door_	normal_00	vo_ply_ply_alc_key_door_normal_00				omuk	philipp	can't open locked gate	Alchemist	stealthy		Heh, we have come up against a lock.	8		0	We have come up against a lock!	YES	呵,前面锁住了		
vo_ply_ply_	alc_	key_door_	normal_01	vo_ply_ply_alc_key_door_normal_01				omuk	philipp	can't open locked gate	Alchemist	stealthy		Locked. A wise man would look for the key.	9		0	Locked. A wise man would look for the key.		锁住了,智者应先寻钥匙		
vo_ply_ply_	alc_	key_door_	normal_02	vo_ply_ply_alc_key_door_normal_02				omuk	philipp	can't open locked gate	Alchemist	stealthy		Hmm, locked. The key can not be far.	8		0	Hmm, locked. The key cannot be far.	YES	嗯,上锁了。钥匙肯定就在附近		
vo_ply_ply_	alc_	key_pickup_	normal_00	vo_ply_ply_alc_key_pickup_normal_00				omuk	philipp	pickup key	Alchemist	stealthy		A key? How curious.	4		0	A key? How curious.		是把钥匙?有意思		
vo_ply_ply_	alc_	key_pickup_	normal_01	vo_ply_ply_alc_key_pickup_normal_01				omuk	philipp	pickup key	Alchemist	stealthy		This key will have a lock-shaped brother.	7		0	This key will have a lock-shaped brother.		有钥匙就说明有锁		
vo_ply_ply_	alc_	key_pickup_	normal_02	vo_ply_ply_alc_key_pickup_normal_02				omuk	philipp	pickup key	Alchemist	stealthy		Hmm, I should teach Kuma to fetch keys.	8		0	I should teach Kuma to fetch keys.	YES	嗯,我应该教小熊怎么拿钥匙		
vo_ply_ply_	alc_	key_unlock_	normal_00	vo_ply_ply_alc_key_unlock_normal_00				omuk	philipp	unlock gate with key	Alchemist	stealthy		Ha! I have unlocked the gate! 	7		0	I have unlocked the gate! 	YES	哦!我打开门了		
vo_ply_ply_	alc_	key_unlock_	normal_01	vo_ply_ply_alc_key_unlock_normal_01				omuk	philipp	unlock gate with key	Alchemist	stealthy		Behold. The gate opens.	4		0	Behold. The gate opens.		看,门打开了		
vo_ply_ply_	alc_	key_unlock_	normal_02	vo_ply_ply_alc_key_unlock_normal_02				omuk	philipp	unlock gate with key	Alchemist	stealthy		The lock was no match for my key-wielding hands.	9		0	The lock was no match for my key-wielding hands.		再好的锁也挡不住拿钥匙的手		
vo_ply_ply_	alc_	joke_wait	normal_00	vo_ply_ply_alc_joke_waitnormal_00						waiting too long	Alchemist		(sound) whistling humming		0		0					
vo_ply_ply_	alc_	joke_running	normal_00	vo_ply_ply_alc_joke_runningnormal_00						running too much	Alchemist		(sound) heavy breathing		0		0					
vo_ply_ply_	alc_	joke_char_select_	normal_00	vo_ply_ply_alc_joke_char_select_normal_00						char select too often	Alchemist			Ready, willing and fully enabled.	5		0	Ready, willing and fully enabled.		准备就绪，满腔热血，火力全开！	百度贴吧	Dota2 Wiki
vo_ply_ply_	alc_	joke_char_select_	normal_01	vo_ply_ply_alc_joke_char_select_normal_01						char select too often	Alchemist		unused, don't record		0		0					
vo_ply_ply_	alc_	joke_char_select_	normal_02	vo_ply_ply_alc_joke_char_select_normal_02						char select too often	Alchemist			"My life, -
How much more of it remains?
The night is brief.
- Masaoka Shiki"	13		0	"My life, -
How much more of it remains?
The night is brief.
- Masaoka Shiki"		"吾命，
余几许，
今夜苦短。
- 正岡子規"		
vo_ply_ply_	alc_	joke_char_select_	normal_03	vo_ply_ply_alc_joke_char_select_normal_03						char select too often	Alchemist			"An old silent pond...
A frog jumps into the pond,
splash! Silence again.
- Matsuo Bashō"	13		0	"An old silent pond...
A frog jumps into the pond,
splash! Silence again.
- Matsuo Bashō"		"闲寂古池旁，
青蛙跳入水中央，
扑通一声响。
- 松尾芭蕉"		
vo_ply_ply_	alc_	joke_char_select_	normal_04	vo_ply_ply_alc_joke_char_select_normal_04						char select too often	Alchemist			"Consider me
As one who loved poetry
And persimmons.
- Masaoaka Shiki"	9		0	"Consider me
As one who loved poetry
And persimmons.
- Masaoaka Shiki"		"吾一生，
唯好诗词，
与柿子。
- 正岡子規 "		
vo_ply_ply_	alc_	joke_char_select_	normal_05	vo_ply_ply_alc_joke_char_select_normal_05						char select too often	Alchemist			"Over-ripe sushi,
The Master
Is full of regret.
- Yosa Buson"	8		0	"Over-ripe sushi,
The Master
Is full of regret.
- Yosa Buson"		"鲫鱼寿司,
熟过头，
店主很懊悔。
- 与謝蕪村"	"なれ過ぎた鮓を あるじの遺恨かな
―――――――――――――――――
鮓（すし）がなれすぎて酸っぱくなり、
売り物にならなかったのですね。
店主がくやしがっているようすがうかがえます。"	
vo_ply_ply_	alc_	joke_char_select_	normal_06	vo_ply_ply_alc_joke_char_select_normal_06						char select too often	Alchemist			"Sparrow's child
out of the way, out of the way!
the stallion's coming through
- Kobayashi Issa"	14		0	"Sparrow's child
out of the way, out of the way!
the stallion's coming through
- Kobayashi Issa"		"小麻雀，
快躲开，快躲开，
马儿过来了。
- 小林一茶"	百度知道	日语解读
vo_ply_ply_	alc_	joke_char_select_	normal_07	vo_ply_ply_alc_joke_char_select_normal_07						char select too often	Alchemist		unused, don't record		0		0					
vo_ply_ply_	alc_	joke_char_select_	normal_08	vo_ply_ply_alc_joke_char_select_normal_08						char select too often	Alchemist		unused, don't record		0		0					
vo_ply_ply_	alc_	joke_char_select_	normal_09	vo_ply_ply_alc_joke_char_select_normal_09						char select too often	Alchemist		unused, don't record		0		0					
																						
														WORDCOUNT EN:	1190	WORDCOUNT DE:	0					
																						
																						
																						
																						
																						
																						
