PREFIX	CHAR	ACTION	SUFFIX	NAME	Variation	Loop	Gameplay	REC.	IMPL.	used for	SPEAKER	MOOD	COMMENT	EN	CEN	DE	CDE	EN - Proofread	Changed?	Simplified Chinese
vo_ply_ply_	tra_	char_select_	normal_00	vo_ply_ply_tra_char_select_normal_00	Iconic	No	Yes	omuk	philipp	sel character	Trapper	stealthy		Here!	1		0	Here!		我在这儿！
vo_ply_ply_	tra_	char_select_	normal_01	vo_ply_ply_tra_char_select_normal_01				omuk	philipp	sel character	Trapper	stealthy		Waiting is boring!	3		0	Waiting is boring!		等得好无聊！
vo_ply_ply_	tra_	char_select_	normal_02	vo_ply_ply_tra_char_select_normal_02				omuk	philipp	sel character	Trapper	stealthy		Ooh, so exciting!	3		0	Ooh, so exciting!		哇，好像很有趣！
vo_ply_ply_	tra_	char_select_	normal_03	vo_ply_ply_tra_char_select_normal_03				omuk	philipp	sel character	Trapper	stealthy		Are we going?	3		0	Are we going?		要走了吗？
vo_ply_ply_	tra_	char_select_	normal_04	vo_ply_ply_tra_char_select_normal_04				omuk	philipp	sel character	Trapper	stealthy		Oh yes! Yes!	3		0	Oh yes! Yes!		耶！好哎！
vo_ply_ply_	tra_	char_select_	normal_05	vo_ply_ply_tra_char_select_normal_05				omuk	philipp	sel character	Trapper	stealthy		Hmmm.	1		0	Hmmm.		唔
vo_ply_ply_	tra_	char_select_	normal_06	vo_ply_ply_tra_char_select_normal_06				omuk	philipp	sel character	Trapper	stealthy		Is it a puzzle?	4		0	Is it a puzzle?		这是猜谜吗？
vo_ply_ply_	tra_	char_select_	normal_07	vo_ply_ply_tra_char_select_normal_07				omuk	philipp	sel character	Trapper	stealthy		So many tricks.	3		0	So many tricks.		好多机关
vo_ply_ply_	tra_	char_select_	normal_08	vo_ply_ply_tra_char_select_normal_08				omuk	philipp	sel character	Trapper	stealthy		Right!	1		0	Right!		是的！
vo_ply_ply_	tra_	char_select_	normal_09	vo_ply_ply_tra_char_select_normal_09				omuk	philipp	sel character	Trapper	stealthy		Cats and birds.	3		0	Cats and birds.		猫猫和小鸟
vo_ply_ply_	tra_	char_select_	normal_10	vo_ply_ply_tra_char_select_normal_10				omuk	philipp	sel character	Trapper	stealthy		Ready!	1		0	Ready!		准备好了！
vo_ply_ply_	tra_	char_select_	tense_00	vo_ply_ply_tra_char_select_tense_00	Iconic	No	Yes	omuk	philipp	sel character	Trapper	tense		I'm ready!	2		0	I'm ready!		准备就绪！
vo_ply_ply_	tra_	char_select_	tense_01	vo_ply_ply_tra_char_select_tense_01				omuk	philipp	sel character	Trapper	tense		I'm here!	2		0	I'm here!		我在这儿！
vo_ply_ply_	tra_	char_select_	tense_02	vo_ply_ply_tra_char_select_tense_02				omuk	philipp	sel character	Trapper	tense		Yes! Here!	2		0	Yes! Here!		是！在这里！
vo_ply_ply_	tra_	char_select_	tense_03	vo_ply_ply_tra_char_select_tense_03				omuk	philipp	sel character	Trapper	tense	talks to herself	It's not safe here.	4		0	It's not safe here.		这里可不安全
vo_ply_ply_	tra_	char_select_	tense_04	vo_ply_ply_tra_char_select_tense_04				omuk	philipp	sel character	Trapper	tense		Don't be lazy.	3		0	Don't be lazy.		不能懈怠
vo_ply_ply_	tra_	char_select_	tense_05	vo_ply_ply_tra_char_select_tense_05				omuk	philipp	sel character	Trapper	tense		Can we go?	3		0	Can we go?		该走了吧？
vo_ply_ply_	tra_	char_select_	tense_06	vo_ply_ply_tra_char_select_tense_06				omuk	philipp	sel character	Trapper	tense		We're in trouble.	3		0	We're in trouble.		这下麻烦了
vo_ply_ply_	tra_	char_select_	tense_07	vo_ply_ply_tra_char_select_tense_07				omuk	philipp	sel character	Trapper	tense		I'll be fast.	3		0	I'll be fast.		我会尽快
vo_ply_ply_	tra_	char_select_	tense_08	vo_ply_ply_tra_char_select_tense_08				omuk	philipp	sel character	Trapper	tense		Let's go!	2		0	Let's go!		走吧
vo_ply_ply_	tra_	char_select_	tense_09	vo_ply_ply_tra_char_select_tense_09				omuk	philipp	sel character	Trapper	tense		Watch out.	2		0	Watch out!	YES	当心！
vo_ply_ply_	tra_	char_select_	tense_10	vo_ply_ply_tra_char_select_tense_10				omuk	philipp	sel character	Trapper	tense		Careful!	1		0	Careful!		小心！
vo_ply_ply_	tra_	char_select_	dark_00	vo_ply_ply_tra_char_select_dark_00	Iconic	No	Yes	omuk	philipp	sel character	Trapper	anxious		We shouldn't wait …	4		0	W-we shouldn't wait…	YES	不应该再干等了…
vo_ply_ply_	tra_	char_select_	dark_01	vo_ply_ply_tra_char_select_dark_01				omuk	philipp	sel character	Trapper	anxious		This is bad …	4		0	This is bad…	YES	有种不好的预感…
vo_ply_ply_	tra_	char_select_	dark_02	vo_ply_ply_tra_char_select_dark_02				omuk	philipp	sel character	Trapper	anxious		Hurry … please …	4		0	Hurry, please…	YES	请快一点…
vo_ply_ply_	tra_	char_select_	dark_03	vo_ply_ply_tra_char_select_dark_03				omuk	philipp	sel character	Trapper	anxious		I don't understand …	4		0	I don't understand…	YES	我不明白…
vo_ply_ply_	tra_	char_select_	dark_04	vo_ply_ply_tra_char_select_dark_04				omuk	philipp	sel character	Trapper	anxious		Why …	2		0	Why…	YES	为什么…
vo_ply_ply_	tra_	char_select_	dark_05	vo_ply_ply_tra_char_select_dark_05				omuk	philipp	sel character	Trapper	anxious		Please … 	3		0	Please…!	YES	拜托了…!
vo_ply_ply_	tra_	char_select_	dark_06	vo_ply_ply_tra_char_select_dark_06				omuk	philipp	sel character	Trapper	anxious	"to herself
like a mantra"	Be fast … be brave …	6		0	Be fast. Be brave.	YES	要迅速，要勇敢
vo_ply_ply_	tra_	char_select_	dark_07	vo_ply_ply_tra_char_select_dark_07				omuk	philipp	sel character	Trapper	anxious		I hate this …	4		0	I hate this!	YES	我讨厌这样！
vo_ply_ply_	tra_	char_select_	dark_08	vo_ply_ply_tra_char_select_dark_08				omuk	philipp	sel character	Trapper	anxious		I don't like this …	5		0	I…I don't like this…	YES	感觉很不好…
vo_ply_ply_	tra_	char_select_	dark_09	vo_ply_ply_tra_char_select_dark_09				omuk	philipp	sel character	Trapper	anxious		I hate them all.	4		0	I hate them all.		我讨厌他们！
vo_ply_ply_	tra_	char_select_	dark_10	vo_ply_ply_tra_char_select_dark_10				omuk	philipp	sel character	Trapper	anxious	rare	Master samurai …	3		0	Master samurai…	YES	武士大哥…
vo_ply_ply_	tra_	char_select_	dark_11	vo_ply_ply_tra_char_select_dark_11				omuk	philipp	sel character	Trapper	anxious	rare	W-where's master samurai …	4		0	W-where's master samurai…	YES	武士大哥在哪儿…
vo_ply_ply_	tra_	char_select_	cold_00	vo_ply_ply_tra_char_select_cold_00	Iconic	No	Yes	omuk	philipp	sel character	Trapper	quiet		Snowflakes …	2		0	Snowflakes…	YES	雪花…
vo_ply_ply_	tra_	char_select_	cold_01	vo_ply_ply_tra_char_select_cold_01				omuk	philipp	sel character	Trapper	cold	slight shiver	Uhh, chilly.	2		0	Chilly!	YES	好冷！
vo_ply_ply_	tra_	char_select_	cold_02	vo_ply_ply_tra_char_select_cold_02				omuk	philipp	sel character	Trapper	focussed		Can't play in the snow, stupid.	6		0	Can't play in the snow, stupid.		不能去玩雪的，笨蛋
vo_ply_ply_	tra_	char_select_	cold_03	vo_ply_ply_tra_char_select_cold_03				omuk	philipp	sel character	Trapper	cold	slight shiver	So cold.	2		0	So cold!	YES	真冷！
vo_ply_ply_	tra_	char_select_	cold_04	vo_ply_ply_tra_char_select_cold_04				omuk	philipp	sel character	Trapper	cold		Don't stand still! You'll freeze.	5		0	Don't stand still! You'll freeze.		别光站着！会冻僵的
vo_ply_ply_	tra_	char_select_	cold_05	vo_ply_ply_tra_char_select_cold_05				omuk	philipp	sel character	Trapper	cold	slight shiver	Nasty wind.	2		0	Nasty wind.		讨厌的风
vo_ply_ply_	tra_	char_select_	night_00	vo_ply_ply_tra_char_select_night_00	Iconic	No	Yes	omuk	philipp	sel character	Trapper	stealthy		They can't see me.	4		0	They can't see me.		他们看不到我
vo_ply_ply_	tra_	char_select_	night_01	vo_ply_ply_tra_char_select_night_01				omuk	philipp	sel character	Trapper	quiet		Look, the stars are out …	6		0	Look, the stars are out…	YES	看，星星出来了…
vo_ply_ply_	tra_	char_select_	night_02	vo_ply_ply_tra_char_select_night_02				omuk	philipp	sel character	Trapper	stealthy		Sneaky fox.	2		0	Sneaky fox.		像潜伏的狐狸一样
vo_ply_ply_	tra_	char_select_	night_03	vo_ply_ply_tra_char_select_night_03				omuk	philipp	sel character	Trapper	stealthy		We're shadows.	2		0	We're shadows.		我们就是影子
vo_ply_ply_	tra_	char_select_	night_04	vo_ply_ply_tra_char_select_night_04				omuk	philipp	sel character	Trapper	stealthy		The night likes us.	4		0	The night likes us.		夜晚是我们的朋友
vo_ply_ply_	tra_	char_select_	night_05	vo_ply_ply_tra_char_select_night_05				omuk	philipp	sel character	Trapper	stealthy	small yawn	... here.	2		0	…here.	YES	…这里
vo_ply_ply_	tra_	char_select_	war_00	vo_ply_ply_tra_char_select_war_00	Iconic	No	Yes	omuk	philipp	sel character	Trapper	tense		I don't like shooting …	5		0	I don't like shooting…	YES	我不喜欢枪战…
vo_ply_ply_	tra_	char_select_	war_01	vo_ply_ply_tra_char_select_war_01				omuk	philipp	sel character	Trapper	tense		Fire, smoke, black dust …	5		0	Fire, smoke, black dust…	YES	火光，烟雾，还有黑色灰烬…
vo_ply_ply_	tra_	char_select_	war_02	vo_ply_ply_tra_char_select_war_02				omuk	philipp	sel character	Trapper	tense		They're all fighting.	3		0	They're all fighting!	YES	大家都在打仗！
vo_ply_ply_	tra_	char_select_	war_03	vo_ply_ply_tra_char_select_war_03				omuk	philipp	sel character	Trapper	tense		This is so loud.	4		0	This is so loud.		声音好大
vo_ply_ply_	tra_	char_select_	war_04	vo_ply_ply_tra_char_select_war_04				omuk	philipp	sel character	Trapper	tense		It's like that time …	5		0	It's like that time…	YES	和那个时候一样…
vo_ply_ply_	tra_	char_select_	war_05	vo_ply_ply_tra_char_select_war_05				omuk	philipp	sel character	Trapper	tense		Be fast ... be brave …	6		0	Ready, sensei!	YES	准备好了，师父！
vo_ply_ply_	tra_	char_select_	team_00	vo_ply_ply_tra_char_select_team_00	Iconic	No	Yes	omuk	philipp	sel character	Trapper	happy		Ready, sensei!	2		0	Ready, sensei.	YES	准备好了，师父！
vo_ply_ply_	tra_	char_select_	team_01	vo_ply_ply_tra_char_select_team_01				omuk	philipp	sel character	Trapper	happy		I'll do my best!	4		0	I'll do my best!		我会使出全力！
vo_ply_ply_	tra_	char_select_	team_02	vo_ply_ply_tra_char_select_team_02				omuk	philipp	sel character	Trapper	happy		We can do it!	4		0	We can do it!		一定能成功的！
vo_ply_ply_	tra_	char_select_	team_03	vo_ply_ply_tra_char_select_team_03				omuk	philipp	sel character	Trapper	happy		We're a team, right?	4		0	We're a team, right?		我们是一个团队，对吧？
vo_ply_ply_	tra_	char_select_	team_04	vo_ply_ply_tra_char_select_team_04				omuk	philipp	sel character	Trapper	happy		Let's go, everyone.	3		0	Let's go, everyone.		大家，快走吧
vo_ply_ply_	tra_	char_select_	team_05	vo_ply_ply_tra_char_select_team_05				omuk	philipp	sel character	Trapper	happy		We're all here ...	4		0	We're all here.	YES	大家都在
vo_ply_ply_	tra_	char_select_	rain_00	vo_ply_ply_tra_char_select_rain_00	Iconic	No	Yes	omuk	philipp	sel character	Trapper	irritated		Stupid clouds.	2		0	Stupid clouds.		讨厌的乌云
vo_ply_ply_	tra_	char_select_	rain_01	vo_ply_ply_tra_char_select_rain_01				omuk	philipp	sel character	Trapper	irritated		Ugh, wet feet.	3		0	Ugh, wet feet!	YES	脚都湿了
vo_ply_ply_	tra_	char_select_	rain_02	vo_ply_ply_tra_char_select_rain_02				omuk	philipp	sel character	Trapper	irritated		Nasty weather.	2		0	Oh, nasty weather!	YES	烦人的天气
vo_ply_ply_	tra_	char_select_	rain_03	vo_ply_ply_tra_char_select_rain_03				omuk	philipp	sel character	Trapper	irritated	slight shiver	Rain's cold.	2		0	Rain's cold.		雨水好冷
vo_ply_ply_	tra_	char_select_	rain_04	vo_ply_ply_tra_char_select_rain_04				omuk	philipp	sel character	Trapper	irritated		I'm soaking.	2		0	Oh, I'm soaking!	YES	我都湿透了
vo_ply_ply_	tra_	char_select_	rain_05	vo_ply_ply_tra_char_select_rain_05				omuk	philipp	sel character	Trapper	sneezing	small sneeze	... sorry.	2		0	Ah-choo! …sorry.	YES	阿嚏！…不好意思
vo_ply_ply_	tra_	confirm_	normal_00	vo_ply_ply_tra_confirm_normal_00				omuk	philipp	com valid	Trapper	stealthy		Soft soles.	2		0	Soft soles.		轻手轻脚
vo_ply_ply_	tra_	confirm_	normal_01	vo_ply_ply_tra_confirm_normal_01				omuk	philipp	com valid	Trapper	stealthy		Shh, quiet.	2		0	Shh, quiet.		嘘，安静
vo_ply_ply_	tra_	confirm_	normal_02	vo_ply_ply_tra_confirm_normal_02				omuk	philipp	com valid	Trapper	stealthy		Silent steps.	2		0	Silent steps.		蹑手蹑脚
vo_ply_ply_	tra_	confirm_	normal_03	vo_ply_ply_tra_confirm_normal_03				omuk	philipp	com valid	Trapper	stealthy		Right. Shh.	2		0	Right. Shh.		好的，要安静
vo_ply_ply_	tra_	confirm_	normal_04	vo_ply_ply_tra_confirm_normal_04				omuk	philipp	com valid	Trapper	stealthy		The fox is hunting.	4		0	The fox is hunting.		狐狸捕猎中
vo_ply_ply_	tra_	confirm_	normal_05	vo_ply_ply_tra_confirm_normal_05				omuk	philipp	com valid	Trapper	stealthy		Sneaky.	1		0	Sneaky!	YES	悄悄地
vo_ply_ply_	tra_	confirm_	normal_06	vo_ply_ply_tra_confirm_normal_06				omuk	philipp	com valid	Trapper	stealthy		Slowly.	1		0	Slowly.		慢慢地
vo_ply_ply_	tra_	confirm_	normal_07	vo_ply_ply_tra_confirm_normal_07				omuk	philipp	com valid	Trapper	stealthy		Hush.	1		0	Hush.		安静点
vo_ply_ply_	tra_	confirm_	normal_08	vo_ply_ply_tra_confirm_normal_08				omuk	philipp	com valid	Trapper	stealthy		This is fun.	3		0	This is fun.		有意思
vo_ply_ply_	tra_	confirm_	normal_09	vo_ply_ply_tra_confirm_normal_09				omuk	philipp	com valid	Trapper	stealthy		Coming.	1		0	Coming.		来了
vo_ply_ply_	tra_	confirm_	normal_10	vo_ply_ply_tra_confirm_normal_10				omuk	philipp	com valid	Trapper	stealthy	to herself	That's a good trick!	4		0	That's a good trick!		干得漂亮！
vo_ply_ply_	tra_	confirm_	normal_11	vo_ply_ply_tra_confirm_normal_11				omuk	philipp	com valid	Trapper	stealthy		Oh, that's easy.	3		0	Oh, that's easy.		很简单
vo_ply_ply_	tra_	confirm_	normal_12	vo_ply_ply_tra_confirm_normal_12				omuk	philipp	com valid	Trapper	stealthy		I can do that.	4		0	I can do that.		我可以的
vo_ply_ply_	tra_	confirm_	tense_00	vo_ply_ply_tra_confirm_tense_00				omuk	philipp	com valid	Trapper	tense		Quick!	1		0	Quick!		快一点！
vo_ply_ply_	tra_	confirm_	tense_01	vo_ply_ply_tra_confirm_tense_01				omuk	philipp	com valid	Trapper	tense		Yes. Be fast!	3		0	Yes! Be fast.	YES	嗯，快一点！
vo_ply_ply_	tra_	confirm_	tense_02	vo_ply_ply_tra_confirm_tense_02				omuk	philipp	com valid	Trapper	tense		Now!	1		0	Now!		赶紧！
vo_ply_ply_	tra_	confirm_	tense_03	vo_ply_ply_tra_confirm_tense_03				omuk	philipp	com valid	Trapper	tense		Yes!	1		0	Yes!		是！
vo_ply_ply_	tra_	confirm_	tense_04	vo_ply_ply_tra_confirm_tense_04				omuk	philipp	com valid	Trapper	tense		Can't catch me!	3		0	Can't catch me!		抓不到我的！
vo_ply_ply_	tra_	confirm_	tense_05	vo_ply_ply_tra_confirm_tense_05				omuk	philipp	com valid	Trapper	tense		Fast and sharp!	3		0	Fast and sharp!		又快又猛！
vo_ply_ply_	tra_	confirm_	tense_06	vo_ply_ply_tra_confirm_tense_06				omuk	philipp	com valid	Trapper	tense		Shhhh …	2		0	Shhhh…	YES	嘘…
vo_ply_ply_	tra_	confirm_	tense_07	vo_ply_ply_tra_confirm_tense_07				omuk	philipp	com valid	Trapper	tense		Can't see me!	3		0	Can't see me!		看不到我
vo_ply_ply_	tra_	confirm_	tense_08	vo_ply_ply_tra_confirm_tense_08				omuk	philipp	com valid	Trapper	tense		I'm coming!	2		0	I'm coming!		这就来！
vo_ply_ply_	tra_	confirm_	tense_09	vo_ply_ply_tra_confirm_tense_09				omuk	philipp	com valid	Trapper	tense		Almost there!	2		0	Almost there!		马上就到！
vo_ply_ply_	tra_	confirm_	tense_10	vo_ply_ply_tra_confirm_tense_10				omuk	philipp	com valid	Trapper	tense		I can do it!	4		0	I can do it!		我可以做到！
vo_ply_ply_	tra_	confirm_	tense_11	vo_ply_ply_tra_confirm_tense_11				omuk	philipp	com valid	Trapper	tense		OK!	1		0	Okay!	YES	好的！
vo_ply_ply_	tra_	confirm_	dark_00	vo_ply_ply_tra_confirm_dark_00	Iconic	No	Yes	omuk	philipp	com valid	Trapper	anxious	"to herself
like a mantra"	Fast … sharp … clever …	6		0	Fast… Sharp… Clever…	YES	要快…要猛…要聪明
vo_ply_ply_	tra_	confirm_	dark_01	vo_ply_ply_tra_confirm_dark_01				omuk	philipp	com valid	Trapper	anxious		A-almost there!	2		0	A-almost there!		马上就到！
vo_ply_ply_	tra_	confirm_	dark_02	vo_ply_ply_tra_confirm_dark_02				omuk	philipp	com valid	Trapper	anxious		I-I have to.	3		0	I-I have to.		要加油坚持
vo_ply_ply_	tra_	confirm_	dark_03	vo_ply_ply_tra_confirm_dark_03				omuk	philipp	com valid	Trapper	anxious	"close to panic
short breath"	Go on, stupid!	3		0	…go on, stupid!	YES	继续，坚持住
vo_ply_ply_	tra_	confirm_	dark_04	vo_ply_ply_tra_confirm_dark_04				omuk	philipp	com valid	Trapper	anxious		Go … go …	4		0	Go… Go…	YES	快走
vo_ply_ply_	tra_	confirm_	dark_05	vo_ply_ply_tra_confirm_dark_05				omuk	philipp	com valid	Trapper	anxious	"close to panic
short breath"	Don't wait, stupid!	3		0	Don't wait, stupid!		不能发呆
vo_ply_ply_	tra_	confirm_	dark_06	vo_ply_ply_tra_confirm_dark_06				omuk	philipp	com valid	Trapper	anxious		Don't think … be brave.	5		0	Don't think… Be brave.	YES	不要多想，要勇敢
vo_ply_ply_	tra_	confirm_	dark_07	vo_ply_ply_tra_confirm_dark_07				omuk	philipp	com valid	Trapper	anxious		You're scared, stupid.	3		0	You're scared! Stupid.	YES	怎么会这么害怕呀！
vo_ply_ply_	tra_	confirm_	dark_08	vo_ply_ply_tra_confirm_dark_08				omuk	philipp	com valid	Trapper	anxious		I-I'm not scared!	3		0	I-I'm not scared!		我一点也不害怕！
vo_ply_ply_	tra_	confirm_	dark_09	vo_ply_ply_tra_confirm_dark_09				omuk	philipp	com valid	Trapper	anxious		Sensei …	2		0	Sensei…	YES	师父…
vo_ply_ply_	tra_	confirm_	cold_00	vo_ply_ply_tra_confirm_cold_00	Iconic	No	Yes	omuk	philipp	com valid	Trapper	cold	slight shiver	Coming.	1		0	Coming.		马上就来
vo_ply_ply_	tra_	confirm_	cold_01	vo_ply_ply_tra_confirm_cold_01				omuk	philipp	com valid	Trapper	cold		Footprints, little traitors.	3		0	Footprints, little traitors.		脚印都是叛徒呢
vo_ply_ply_	tra_	confirm_	cold_02	vo_ply_ply_tra_confirm_cold_02				omuk	philipp	com valid	Trapper	cold		Ah, slippery.	2		0	…ah, slippery.	YES	啊，好滑
vo_ply_ply_	tra_	confirm_	cold_03	vo_ply_ply_tra_confirm_cold_03				omuk	philipp	com valid	Trapper	cold	slight shiver	Move, stupid.	2		0	Move, stupid.		快动起来啊
vo_ply_ply_	tra_	confirm_	cold_04	vo_ply_ply_tra_confirm_cold_04				omuk	philipp	com valid	Trapper	cold		Keep moving, keep warm.	4		0	"Keep moving; keep warm."	YES	继续动起来，保持体温
vo_ply_ply_	tra_	confirm_	cold_05	vo_ply_ply_tra_confirm_cold_05				omuk	philipp	com valid	Trapper	cold		Uah, cold feet.	3		0	Ugh, cold feet.	YES	脚好冷
vo_ply_ply_	tra_	confirm_	night_00	vo_ply_ply_tra_confirm_night_00	Iconic	No	Yes	omuk	philipp	com valid	Trapper	stealthy		Sneaky fox.	2		0	Sneaky fox.		像潜伏的狐狸一样
vo_ply_ply_	tra_	confirm_	night_01	vo_ply_ply_tra_confirm_night_01				omuk	philipp	com valid	Trapper	stealthy		From shadow to shadow.	4		0	From shadow to shadow.		在黑暗中穿梭
vo_ply_ply_	tra_	confirm_	night_02	vo_ply_ply_tra_confirm_night_02				omuk	philipp	com valid	Trapper	stealthy		Thieves in the night.	4		0	Thieves in the night.		黑夜大盗
vo_ply_ply_	tra_	confirm_	night_03	vo_ply_ply_tra_confirm_night_03				omuk	philipp	com valid	Trapper	stealthy		Slip past the light.	4		0	Slip past the light.		要避开光亮
vo_ply_ply_	tra_	confirm_	night_04	vo_ply_ply_tra_confirm_night_04				omuk	philipp	com valid	Trapper	stealthy		The light hates us.	4		0	The light hates us.		光明是敌人
vo_ply_ply_	tra_	confirm_	night_05	vo_ply_ply_tra_confirm_night_05				omuk	philipp	com valid	Trapper	stealthy		Let's be sneaky.	3		0	Let's be sneaky.		不要被发现
vo_ply_ply_	tra_	confirm_	war_00	vo_ply_ply_tra_confirm_war_00	Iconic	No	Yes	omuk	philipp	com valid	Trapper	tense	to herself	Too loud, don't listen.	4		0	Too loud, don't listen.		太吵了，不能听
vo_ply_ply_	tra_	confirm_	war_01	vo_ply_ply_tra_confirm_war_01				omuk	philipp	com valid	Trapper	tense	to herself	They won't see you.	4		0	They won't see you.		他们看不到我的
vo_ply_ply_	tra_	confirm_	war_02	vo_ply_ply_tra_confirm_war_02				omuk	philipp	com valid	Trapper	tense		Don't run away, stupid!	4		0	Don't run away, stupid!		千万不能逃跑！
vo_ply_ply_	tra_	confirm_	war_03	vo_ply_ply_tra_confirm_war_03				omuk	philipp	com valid	Trapper	tense	small cough	… dirty air.	3		0	…dirty air.	YES	空气…好脏
vo_ply_ply_	tra_	confirm_	war_04	vo_ply_ply_tra_confirm_war_04				omuk	philipp	com valid	Trapper	tense		I'll make them stop.	4		0	I'll make them stop.		我来阻止他们
vo_ply_ply_	tra_	confirm_	war_05	vo_ply_ply_tra_confirm_war_05				omuk	philipp	com valid	Trapper	tense		I'm fast, I'm brave.	4		0	I'm fast. I'm brave.	YES	我很快，很勇敢
vo_ply_ply_	tra_	confirm_	team_00	vo_ply_ply_tra_confirm_team_00	Iconic	No	Yes	omuk	philipp	com valid	Trapper	happy		I'll do it, Aiko-san.	4		0	I'll do it, Aiko-san.		我来做吧，爱子姐
vo_ply_ply_	tra_	confirm_	team_01	vo_ply_ply_tra_confirm_team_01				omuk	philipp	com valid	Trapper	happy		Watch, Takuma-sensei!	2		0	Watch, Takuma-sensei.	YES	琢磨师父，看我
vo_ply_ply_	tra_	confirm_	team_02	vo_ply_ply_tra_confirm_team_02				omuk	philipp	com valid	Trapper	happy		For Mugen-san!	2		0	For Mugen-san!		为了无限大哥
vo_ply_ply_	tra_	confirm_	team_03	vo_ply_ply_tra_confirm_team_03				omuk	philipp	com valid	Trapper	happy	meaning they trust in you, they are friends	They need you, stupid.	4		0	They need you, stupid!	YES	大家都指望我呢！
vo_ply_ply_	tra_	confirm_	team_04	vo_ply_ply_tra_confirm_team_04				omuk	philipp	com valid	Trapper	happy		Watch me, everyone!	3		0	Watch me, everyone.	YES	大家，快看我
vo_ply_ply_	tra_	confirm_	team_05	vo_ply_ply_tra_confirm_team_05				omuk	philipp	com valid	Trapper	happy		Coming, Hayato-san.	2		0	Coming, Hayato-san.		这就来，隼人师父
vo_ply_ply_	tra_	confirm_	rain_00	vo_ply_ply_tra_confirm_rain_00	Iconic	No	Yes	omuk	philipp	com valid	Trapper	tense		Don't step in puddles.	4		0	Don't step in puddles.		别踩到小水坑
vo_ply_ply_	tra_	confirm_	rain_01	vo_ply_ply_tra_confirm_rain_01				omuk	philipp	com valid	Trapper	playful		Puddles make noise.	3		0	Puddles make noise.		水坑会发出声音
vo_ply_ply_	tra_	confirm_	rain_02	vo_ply_ply_tra_confirm_rain_02				omuk	philipp	com valid	Trapper	irritated		Ugh, muddy floor.	3		0	Ugh, muddy floor!	YES	地上都是泥浆
vo_ply_ply_	tra_	refuse_	normal_00	vo_ply_ply_tra_refuse_normal_00				omuk	philipp	com invalid	Trapper	stealthy	"sound you make when you mean ""No."""	Uh-uh.	1		0	Uh-uh.		很难办
vo_ply_ply_	tra_	refuse_	normal_01	vo_ply_ply_tra_refuse_normal_01				omuk	philipp	com invalid	Trapper	stealthy		Uhm ... how?	3		0	Uhm, how?	YES	嗯？要怎么做？
vo_ply_ply_	tra_	refuse_	normal_02	vo_ply_ply_tra_refuse_normal_02				omuk	philipp	com invalid	Trapper	stealthy	is embarrassed	I can't. Sorry …	4		0	I can't. Sorry…	YES	办不了，抱歉…
vo_ply_ply_	tra_	refuse_	tense_00	vo_ply_ply_tra_refuse_tense_00				omuk	philipp	com invalid	Trapper	tense		I can't! Stupid!	3		0	I can't! Stupid!		办不到的呀，笨蛋！
vo_ply_ply_	tra_	refuse_	tense_01	vo_ply_ply_tra_refuse_tense_01				omuk	philipp	com invalid	Trapper	tense		No!	1		0	No!		不要！
vo_ply_ply_	tra_	refuse_	tense_02	vo_ply_ply_tra_refuse_tense_02				omuk	philipp	com invalid	Trapper	tense		Sorry.	1		0	Sorry.		对不起
vo_ply_ply_	tra_	refuse_	dark_00	vo_ply_ply_tra_refuse_dark_00				omuk	philipp	com invalid	Trapper	anxious		No …	2		0	N-no…	YES	不要…
vo_ply_ply_	tra_	refuse_	dark_01	vo_ply_ply_tra_refuse_dark_01				omuk	philipp	com invalid	Trapper	anxious		Sorry …	2		0	Sorry…	YES	对不起…
vo_ply_ply_	tra_	refuse_	dark_02	vo_ply_ply_tra_refuse_dark_02				omuk	philipp	com invalid	Trapper	anxious		I can't do it …	5		0	I can't do it…	YES	我做不到…
vo_ply_ply_	tra_	refuse_path_	normal_00	vo_ply_ply_tra_refuse_path_normal_00				omuk	philipp	com move unreachable	Trapper	stealthy		Can't get there.  Sorry …	6		0	Can't get there. Sorry…	YES	到不了那里，抱歉…
vo_ply_ply_	tra_	refuse_path_	normal_01	vo_ply_ply_tra_refuse_path_normal_01				omuk	philipp	com move unreachable	Trapper	stealthy		It's too hard. Sorry …	5		0	It's too hard. Sorry…	YES	太难了，抱歉
vo_ply_ply_	tra_	refuse_path_	normal_02	vo_ply_ply_tra_refuse_path_normal_02				omuk	philipp	com move unreachable	Trapper	stealthy	shakes her head	Uh-uh. Too hard.	3		0	Uh-uh. Too hard.		呃…太难了
vo_ply_ply_	tra_	refuse_path_	tense_00	vo_ply_ply_tra_refuse_path_tense_00				omuk	philipp	com move unreachable	Trapper	tense	talks to herself	Can't get there, stupid!	4		0	Can't get there, stupid!		到不了那里的吧，笨蛋！
vo_ply_ply_	tra_	refuse_path_	tense_01	vo_ply_ply_tra_refuse_path_tense_01				omuk	philipp	com move unreachable	Trapper	tense		That's too hard!	3		0	That's too hard!		那太难了
vo_ply_ply_	tra_	refuse_path_	tense_02	vo_ply_ply_tra_refuse_path_tense_02				omuk	philipp	com move unreachable	Trapper	tense		No! It's too hard.	4		0	No! It's too hard.		不要！太难了
vo_ply_ply_	tra_	refuse_door_enemy_	normal_00	vo_ply_ply_tra_refuse_door_enemy_normal_00				omuk	philipp	com door with enemy	Trapper	stealthy		Uh-uh. Someone's in there.	4		0	Uh-uh. Someone's in there.		呃，里面有人了
vo_ply_ply_	tra_	refuse_door_enemy_	normal_01	vo_ply_ply_tra_refuse_door_enemy_normal_01				omuk	philipp	com door with enemy	Trapper	stealthy		No stupid. Bad men inside.	5		0	No, stupid. Bad men inside.	YES	不行，笨蛋！里面有坏人
vo_ply_ply_	tra_	refuse_door_enemy_	normal_02	vo_ply_ply_tra_refuse_door_enemy_normal_02				omuk	philipp	com door with enemy	Trapper	stealthy		No no no, guards inside.	5		0	No, no, no! Guards inside.	YES	不行！里面有守卫
vo_ply_ply_	tra_	refuse_door_enemy_	tense_00	vo_ply_ply_tra_refuse_door_enemy_tense_00				omuk	philipp	com door with enemy	Trapper	tense		Wait! Someone's in there!	4		0	Wait! Someone's in there!		等等！里面有人！
vo_ply_ply_	tra_	refuse_door_enemy_	tense_01	vo_ply_ply_tra_refuse_door_enemy_tense_01				omuk	philipp	com door with enemy	Trapper	tense		Don't stupid! Bad men inside!	5		0	Don't, stupid! Bad men inside!	YES	笨蛋，不行！里面有坏人
vo_ply_ply_	tra_	refuse_door_enemy_	tense_02	vo_ply_ply_tra_refuse_door_enemy_tense_02				omuk	philipp	com door with enemy	Trapper	tense		No! Guards inside.	3		0	No! Guards inside.		不行！里面有守卫
vo_ply_ply_	tra_	refuse_path_usable_	normal_00	vo_ply_ply_tra_refuse_path_usable_normal_00				omuk	philipp	com move unreachable without usables	Trapper	stealthy	talks to herself	Uh-uh. There's a shortcut.	4		0	Uh-uh. There's a shortcut.		呃，有其它捷径的
vo_ply_ply_	tra_	refuse_path_usable_	normal_01	vo_ply_ply_tra_refuse_path_usable_normal_01				omuk	philipp	com move unreachable without usables	Trapper	stealthy		I saw a way, where is it?	7		0	I saw a way… Where is it?	YES	我记得有上去的路…在哪呢？
vo_ply_ply_	tra_	refuse_path_usable_	normal_02	vo_ply_ply_tra_refuse_path_usable_normal_02				omuk	philipp	com move unreachable without usables	Trapper	stealthy		Not like this. Jump. Climb.	5		0	Not like this. Jump. Climb.		直接到不了的，要跳啊爬啊
vo_ply_ply_	tra_	refuse_path_usable_	tense_00	vo_ply_ply_tra_refuse_path_usable_tense_00				omuk	philipp	com move unreachable without usables	Trapper	tense		No. Find the shortcut.	4		0	No! Find the shortcut!	YES	不行！得找个捷径
vo_ply_ply_	tra_	refuse_path_usable_	tense_01	vo_ply_ply_tra_refuse_path_usable_tense_01				omuk	philipp	com move unreachable without usables	Trapper	tense		Find the shortcut, stupid!	4		0	Oh, find the shortcut, stupid!	YES	快找捷径啊，笨蛋！
vo_ply_ply_	tra_	refuse_path_usable_	tense_02	vo_ply_ply_tra_refuse_path_usable_tense_02				omuk	philipp	com move unreachable without usables	Trapper	tense		Not like this, stupid! Jump! Climb!	6		0	Not like this, stupid! Jump! Climb!		这样不行的，笨蛋！要跳啊爬啊
vo_ply_ply_	tra_	refuse_cooldown_	normal_00	vo_ply_ply_tra_refuse_cooldown_normal_00				omuk	philipp	com skill on cooldown	Trapper	stealthy		Oh, that's not ready yet.	5		0	Oh, that's not ready yet.		那个还没准备好
vo_ply_ply_	tra_	refuse_cooldown_	normal_01	vo_ply_ply_tra_refuse_cooldown_normal_01				omuk	philipp	com skill on cooldown	Trapper	stealthy		Uh-uh! It still needs time.	5		0	Uh-uh! It still needs time.		不行的，还没到时间
vo_ply_ply_	tra_	refuse_cooldown_	normal_02	vo_ply_ply_tra_refuse_cooldown_normal_02				omuk	philipp	com skill on cooldown	Trapper	stealthy	talks to herself	Now? No, not yet.	4		0	Now? No, not yet.		现在？不行，还没好
vo_ply_ply_	tra_	refuse_cooldown_	tense_00	vo_ply_ply_tra_refuse_cooldown_tense_00				omuk	philipp	com skill on cooldown	Trapper	tense		It's not ready yet.	4		0	It's not ready yet!	YES	还没准备好！
vo_ply_ply_	tra_	refuse_cooldown_	tense_01	vo_ply_ply_tra_refuse_cooldown_tense_01				omuk	philipp	com skill on cooldown	Trapper	tense		No, no! Still needs time!	5		0	No, no! Still needs time!		不行！还需要时间
vo_ply_ply_	tra_	refuse_cooldown_	tense_02	vo_ply_ply_tra_refuse_cooldown_tense_02				omuk	philipp	com skill on cooldown	Trapper	tense	talks to herself	Now? No, stupid!	3		0	Now? No, stupid!		现在？不行呀，笨蛋！
vo_ply_ply_	tra_	refuse_noammo_	normal_00	vo_ply_ply_tra_refuse_noammo_normal_00				omuk	philipp	com skill no ammo	Trapper	stealthy		I'm out.	2		0	I'm out.		没有弹药了
vo_ply_ply_	tra_	refuse_noammo_	normal_01	vo_ply_ply_tra_refuse_noammo_normal_01				omuk	philipp	com skill no ammo	Trapper	stealthy		Uhm … with what?	4		0	Uhm…with what?	YES	没弹药用什么打呢？
vo_ply_ply_	tra_	refuse_noammo_	normal_02	vo_ply_ply_tra_refuse_noammo_normal_02				omuk	philipp	com skill no ammo	Trapper	stealthy		All out … sorry.	4		0	All out …sorry.	YES	没弹药了，抱歉
vo_ply_ply_	tra_	refuse_noammo_	tense_00	vo_ply_ply_tra_refuse_noammo_tense_00				omuk	philipp	com skill no ammo	Trapper	tense		Ah, I'm out!	3		0	Ah, I'm out!		没有弹药了！
vo_ply_ply_	tra_	refuse_noammo_	tense_01	vo_ply_ply_tra_refuse_noammo_tense_01				omuk	philipp	com skill no ammo	Trapper	tense		With what?	2		0	With what?		用什么打呢？
vo_ply_ply_	tra_	refuse_noammo_	tense_02	vo_ply_ply_tra_refuse_noammo_tense_02				omuk	philipp	com skill no ammo	Trapper	tense		All out!	2		0	All out!		没弹药了！
vo_ply_ply_	tra_	take_damage_	normal_00	vo_ply_ply_tra_take_damage_normal_00				omuk	philipp	char take damage	Trapper	frightened		Ow! That hurt!	3		0	Ow! That hurt!		痛！好痛啊！
vo_ply_ply_	tra_	take_damage_	normal_01	vo_ply_ply_tra_take_damage_normal_01				omuk	philipp	char take damage	Trapper	frightened		N-no! Please! Ah!	3		0	No! No, please! …ah!	YES	不要！求你了！啊！
vo_ply_ply_	tra_	take_damage_	normal_02	vo_ply_ply_tra_take_damage_normal_02				omuk	philipp	char take damage	Trapper	frightened	(sound) gets hurt				0			
vo_ply_ply_	tra_	take_damage_	normal_03	vo_ply_ply_tra_take_damage_normal_03				omuk	philipp	char take damage	Trapper	frightened	(sound) gets hurt				0			
vo_ply_ply_	tra_	take_damage_	normal_04	vo_ply_ply_tra_take_damage_normal_04				omuk	philipp	char take damage	Trapper	frightened	(sound) gets hurt				0			
vo_ply_ply_	tra_	take_damage_	normal_05	vo_ply_ply_tra_take_damage_normal_05				omuk	philipp	char take damage	Trapper	frightened	(sound) gets hurt				0			
vo_ply_ply_	tra_	death_	normal_00	vo_ply_ply_tra_death_normal_00				omuk	philipp	char death	Trapper	frightened	whimper, then death	Uhh …			0	Uhh…	YES	啊…
vo_ply_ply_	tra_	death_	normal_01	vo_ply_ply_tra_death_normal_01				omuk	philipp	char death	Trapper	frightened	dies in the end	… sensei … 	4		0	…sensei… 	YES	师父…
vo_ply_ply_	tra_	corpse_pickup_execute_	normal_00	vo_ply_ply_tra_corpse_pickup_execute_normal_00				omuk	philipp	"pickup corpse
pickup object"	Trapper		(sound) pick up dead body				0			
vo_ply_ply_	tra_	corpse_pickup_execute_	normal_01	vo_ply_ply_tra_corpse_pickup_execute_normal_01				omuk	philipp	"pickup corpse
pickup object"	Trapper		(sound) pick up dead body				0			
vo_ply_ply_	tra_	corpse_pickup_execute_	normal_02	vo_ply_ply_tra_corpse_pickup_execute_normal_02				omuk	philipp	"pickup corpse
pickup object"	Trapper		(sound) pick up dead body				0			
vo_ply_ply_	tra_	corpse_drop_execute_	normal_00	vo_ply_ply_tra_corpse_drop_execute_normal_00				omuk	philipp	"drop corpse
drop corpse in door
throw corpse off cliffs
drop object"	Trapper		(sound) lay down dead body				0			
vo_ply_ply_	tra_	corpse_drop_execute_	normal_01	vo_ply_ply_tra_corpse_drop_execute_normal_01				omuk	philipp	"drop corpse
drop corpse in door
throw corpse off cliffs
drop object"	Trapper		(sound) lay down dead body				0			
vo_ply_ply_	tra_	corpse_drop_execute_	normal_02	vo_ply_ply_tra_corpse_drop_execute_normal_02				omuk	philipp	"drop corpse
drop corpse in door
throw corpse off cliffs
drop object"	Trapper		(sound) lay down dead body				0			
vo_ply_ply_	tra_	jump_execute_	normal_00	vo_ply_ply_tra_jump_execute_normal_00				omuk	philipp	jump	Trapper		(sound) jump				0			
vo_ply_ply_	tra_	jump_execute_	normal_01	vo_ply_ply_tra_jump_execute_normal_01				omuk	philipp	jump	Trapper		(sound) jump				0			
vo_ply_ply_	tra_	jump_execute_	normal_02	vo_ply_ply_tra_jump_execute_normal_02				omuk	philipp	jump	Trapper		(sound) jump				0			
vo_ply_ply_	tra_	jump_comment_	normal_00	vo_ply_ply_tra_jump_comment_normal_00				omuk		after jump	Trapper	whispered	rare	Light as a feather.	4		0	Light as a feather.		像羽毛一样轻盈
vo_ply_ply_	tra_	jump_comment_	tense_00	vo_ply_ply_tra_jump_comment_tense_00				omuk		after jump	Trapper	whispered	rare	Fly!	1		0	Fly!		飞吧！
vo_ply_ply_	tra_	jump_comment_	dark_00	vo_ply_ply_tra_jump_comment_dark_00				omuk		after jump	Trapper	whispered	rare	Fly …	2		0	Fly…	YES	飞起来…
vo_ply_ply_	tra_	use_vertical_execute_	normal_00	vo_ply_ply_tra_use_vertical_execute_normal_00				omuk	philipp	use vertical	Trapper		(sound) climbing				0			
vo_ply_ply_	tra_	use_vertical_execute_	normal_01	vo_ply_ply_tra_use_vertical_execute_normal_01				omuk	philipp	use vertical	Trapper		(sound) climbing				0			
vo_ply_ply_	tra_	use_vertical_execute_	normal_02	vo_ply_ply_tra_use_vertical_execute_normal_02				omuk	philipp	use vertical	Trapper		(sound) climbing				0			
vo_ply_ply_	tra_	use_vertical_comment_	normal_00	vo_ply_ply_tra_use_vertical_comment_normal_00				omuk		after use vertical	Trapper	stealthy	rare	Up and down.	3		0	Up and down.		上上下下
vo_ply_ply_	tra_	use_vertical_comment_	tense_00	vo_ply_ply_tra_use_vertical_comment_tense_00				omuk		after use vertical	Trapper	tense	rare	Shortcut!	1		0	Shortcut!		走捷径！
vo_ply_ply_	tra_	use_vertical_comment_	dark_00	vo_ply_ply_tra_use_vertical_comment_dark_00				omuk		after use vertical	Trapper	anxious	rare	Here.	1		0	…here.	YES	…到了
vo_ply_ply_	tra_	melee_select_	normal_00	vo_ply_ply_tra_melee_select_normal_00				omuk	philipp	"sel skill melee
switch from knockout"	Trapper	stealthy		Wake up, little knife.	4		0	Wake up, little knife.		小刀先生，快醒醒
vo_ply_ply_	tra_	melee_select_	normal_01	vo_ply_ply_tra_melee_select_normal_01				omuk	philipp	"sel skill melee
switch from knockout"	Trapper	stealthy		Ooh, so sharp.	3		0	Ooh, so sharp.		嗯，真锋利
vo_ply_ply_	tra_	melee_select_	normal_02	vo_ply_ply_tra_melee_select_normal_02				omuk	philipp	"sel skill melee
switch from knockout"	Trapper	stealthy		Rat's tooth …	3		0	Rat's Tooth!	YES	“鼠牙”…
vo_ply_ply_	tra_	melee_select_	tense_00	vo_ply_ply_tra_melee_select_tense_00				omuk	philipp	"sel skill melee
switch from knockout"	Trapper	tense		Wake up, little knife!	4		0	Wake up, little knife!		小刀先生，快醒醒！
vo_ply_ply_	tra_	melee_select_	tense_01	vo_ply_ply_tra_melee_select_tense_01				omuk	philipp	"sel skill melee
switch from knockout"	Trapper	tense		Fast and sharp!	3		0	Fast and sharp!		又快又猛！
vo_ply_ply_	tra_	melee_select_	tense_02	vo_ply_ply_tra_melee_select_tense_02				omuk	philipp	"sel skill melee
switch from knockout"	Trapper	tense		Rat's tooth!	2		0	Rat's Tooth!	YES	“鼠牙”！
vo_ply_ply_	tra_	melee_select_	dark_00	vo_ply_ply_tra_melee_select_dark_00				omuk	philipp	"sel skill melee
switch from knockout"	Trapper	anxious		Fast ... sharp …	4		0	Fast… Sharp…	YES	又快...又猛…
vo_ply_ply_	tra_	melee_select_	dark_01	vo_ply_ply_tra_melee_select_dark_01				omuk	philipp	"sel skill melee
switch from knockout"	Trapper	anxious		Little knife …	3		0	Little knife…	YES	小刀先生…
vo_ply_ply_	tra_	melee_execute_	normal_00	vo_ply_ply_tra_melee_execute_normal_00				omuk	philipp	use skill melee	Trapper	quietly	(sound) stab a persons leg, then the neck				0			
vo_ply_ply_	tra_	melee_execute_	normal_01	vo_ply_ply_tra_melee_execute_normal_01				omuk	philipp	use skill melee	Trapper	quietly	(sound) stab a persons leg, then the neck				0			
vo_ply_ply_	tra_	melee_execute_	normal_02	vo_ply_ply_tra_melee_execute_normal_02				omuk	philipp	use skill melee	Trapper	quietly	(sound) stab a persons leg, then the neck				0			
vo_ply_ply_	tra_	melee_comment_	normal_00	vo_ply_ply_tra_melee_comment_normal_00				omuk		after skill melee	Trapper	stealthy	rare	Stick and stab.	3		0	Stick and stab!	YES	突刺！
vo_ply_ply_	tra_	melee_comment_	tense_00	vo_ply_ply_tra_melee_comment_tense_00				omuk		after skill melee	Trapper	stealthy	rare	Stick the knee, stab the neck.	6		0	"Stick the knee; stab the neck."	YES	戳膝盖，刺脖子
vo_ply_ply_	tra_	melee_comment_	dark_00	vo_ply_ply_tra_melee_comment_dark_00				omuk		after skill melee	Trapper	tense	rare	Quick! Must be quick!	4		0	Quick! Must be quick!		快点！必须快点！
vo_ply_ply_	tra_	melee_comment_	dark_01	vo_ply_ply_tra_melee_comment_dark_01				omuk		after skill melee	Trapper	anxious	rare	Hush…	1		0	Hush…		要安静…
vo_ply_ply_	tra_	knockout_select_	normal_00	vo_ply_ply_tra_knockout_select_normal_00				omuk	philipp	"sel skill knockout
switch from melee"	Trapper	stealthy		No. No knife.	3		0	No. No knife.		不用小刀了
vo_ply_ply_	tra_	knockout_select_	normal_01	vo_ply_ply_tra_knockout_select_normal_01				omuk	philipp	"sel skill knockout
switch from melee"	Trapper	stealthy	talks to herself	Don't kill them, stupid.	4		0	Don't kill them, stupid.		不杀人了
vo_ply_ply_	tra_	knockout_select_	normal_02	vo_ply_ply_tra_knockout_select_normal_02				omuk	philipp	"sel skill knockout
switch from melee"	Trapper	stealthy		Sleepy knife.	2		0	Sleepy knife.		小刀先生晚安
vo_ply_ply_	tra_	knockout_select_	tense_00	vo_ply_ply_tra_knockout_select_tense_00				omuk	philipp	"sel skill knockout
switch from melee"	Trapper	tense		No knife.	2		0	No knife.		不用小刀了
vo_ply_ply_	tra_	knockout_select_	tense_01	vo_ply_ply_tra_knockout_select_tense_01				omuk	philipp	"sel skill knockout
switch from melee"	Trapper	tense		No killing.	2		0	No killing.		不杀人了
vo_ply_ply_	tra_	knockout_select_	tense_02	vo_ply_ply_tra_knockout_select_tense_02				omuk	philipp	"sel skill knockout
switch from melee"	Trapper	tense		Sleepy knife.	2		0	Sleepy knife…	YES	小刀先生晚安…
vo_ply_ply_	tra_	knockout_select_	dark_00	vo_ply_ply_tra_knockout_select_dark_00				omuk	philipp	"sel skill knockout
switch from melee"	Trapper	anxious		No more blood …	4		0	No more blood…	YES	不要再流血了…
vo_ply_ply_	tra_	knockout_execute_	normal_00	vo_ply_ply_tra_knockout_execute_normal_00				omuk	philipp	use skill knockout	Trapper	quietly	(sound) jump high and punsh person's head		0		0			
vo_ply_ply_	tra_	knockout_execute_	normal_01	vo_ply_ply_tra_knockout_execute_normal_01				omuk	philipp	use skill knockout	Trapper	quietly	(sound) jump high and punsh person's head		0		0			
vo_ply_ply_	tra_	knockout_execute_	normal_02	vo_ply_ply_tra_knockout_execute_normal_02				omuk	philipp	use skill knockout	Trapper	quietly	(sound) jump high and punsh person's head		0		0			
vo_ply_ply_	tra_	knockout_comment_	normal_00	vo_ply_ply_tra_knockout_comment_normal_00				omuk		com skill knockout	Trapper	stealthy	rare	Cat's paw.	2		0	Hah! Cat's paw.	YES	猫猫拳
vo_ply_ply_	tra_	knockout_comment_	normal_01	vo_ply_ply_tra_knockout_comment_normal_01				omuk		com skill knockout	Trapper	stealthy	rare	Good night.	2		0	Good night.		晚安咯
vo_ply_ply_	tra_	knockout_comment_	tense_00	vo_ply_ply_tra_knockout_comment_tense_00				omuk		com skill knockout	Trapper	tense	rare	Go to sleep!	3		0	Go to sleep!		好好睡吧
vo_ply_ply_	tra_	knockout_comment_	dark_00	vo_ply_ply_tra_knockout_comment_dark_00				omuk		com skill knockout	Trapper	anxious	rare	Don't wake up …	4		0	Don't wake up…	YES	不准起来哦
vo_ply_ply_	tra_	dropkill_execute_	normal_00	vo_ply_ply_tra_dropkill_execute_normal_00				omuk	philipp	use skill dropkill	Trapper	quietly	(sound) drop down attack				0			
vo_ply_ply_	tra_	dropkill_execute_	normal_01	vo_ply_ply_tra_dropkill_execute_normal_01				omuk	philipp	use skill dropkill	Trapper	quietly	(sound) drop down attack				0			
vo_ply_ply_	tra_	dropkill_execute_	normal_02	vo_ply_ply_tra_dropkill_execute_normal_02				omuk	philipp	use skill dropkill	Trapper	quietly	(sound) drop down attack				0			
vo_ply_ply_	tra_	dropkill_comment_	normal_00	vo_ply_ply_tra_dropkill_comment_normal_00				omuk		after skill dropkill	Trapper	stealthy	rare	Ha, just like a shinobi.	5		0	Hah! Just like a shinobi.	YES	嘿嘿，像忍者一样
vo_ply_ply_	tra_	dropkill_comment_	tense_00	vo_ply_ply_tra_dropkill_comment_tense_00				omuk		after skill dropkill	Trapper	tense	rare	Watch out below!	3		0	Watch out below!		下面的小心咯！
vo_ply_ply_	tra_	dropkill_comment_	dark_00	vo_ply_ply_tra_dropkill_comment_dark_00				omuk		after skill dropkill	Trapper	anxious	rare	Like Hayato-san …	3		0	Like Hayato-san…	YES	和隼人师父一样
vo_ply_ply_	tra_	whistle_select_	normal_00	vo_ply_ply_tra_whistle_select_normal_00				omuk	philipp	sel skill whistle	Trapper	stealthy		Lovely tune.	2		0	Lovely tune.		美妙的旋律
vo_ply_ply_	tra_	whistle_select_	normal_01	vo_ply_ply_tra_whistle_select_normal_01				omuk	philipp	sel skill whistle	Trapper	stealthy		Wake up, little tune.	4		0	Wake up, little tune.		醒来吧，笛子先生
vo_ply_ply_	tra_	whistle_select_	normal_02	vo_ply_ply_tra_whistle_select_normal_02				omuk	philipp	sel skill whistle	Trapper	stealthy		Bird's voice.	2		0	Bird's Voice.	YES	鸟笛
vo_ply_ply_	tra_	whistle_select_	tense_00	vo_ply_ply_tra_whistle_select_tense_00				omuk	philipp	sel skill whistle	Trapper	tense		Sneaky tune!	2		0	Sneaky tune!		偷偷摸摸的旋律！
vo_ply_ply_	tra_	whistle_select_	tense_01	vo_ply_ply_tra_whistle_select_tense_01				omuk	philipp	sel skill whistle	Trapper	tense		Wake up, little tune!	4		0	Wake up, little tune!		醒来吧，笛子先生！
vo_ply_ply_	tra_	whistle_select_	tense_02	vo_ply_ply_tra_whistle_select_tense_02				omuk	philipp	sel skill whistle	Trapper	tense		Bird's voice!	2		0	Bird's Voice!	YES	鸟笛！
vo_ply_ply_	tra_	whistle_select_	dark_00	vo_ply_ply_tra_whistle_select_dark_00				omuk	philipp	sel skill whistle	Trapper	anxious		My tune …	3		0	My tune…	YES	我的笛子…
vo_ply_ply_	tra_	whistle_comment_	normal_00	vo_ply_ply_tra_whistle_comment_normal_00				omuk		after skill whistle	Trapper	stealthy	rare	I like it.	3		0	I like it.		真好听
vo_ply_ply_	tra_	whistle_comment_	tense_00	vo_ply_ply_tra_whistle_comment_tense_00				omuk		after skill whistle	Trapper	tense	rare	Listen!	1		0	Listen!		快听！
vo_ply_ply_	tra_	whistle_comment_	dark_00	vo_ply_ply_tra_whistle_comment_dark_00				omuk		after skill whistle	Trapper	anxious	rare	Listen …	2		0	Listen…	YES	听…
vo_ply_ply_	tra_	trap_select_	normal_00	vo_ply_ply_tra_trap_select_normal_00				omuk	philipp	sel skill trap	Trapper	stealthy		Wake up, little trap.	4		0	Wake up, little trap.		陷阱先生，快醒醒
vo_ply_ply_	tra_	trap_select_	normal_01	vo_ply_ply_tra_trap_select_normal_01				omuk	philipp	sel skill trap	Trapper	stealthy		Oh, coiled up like a snake!	6		0	Oh, coiled up like a snake!		像蛇一样盘着！
vo_ply_ply_	tra_	trap_select_	normal_02	vo_ply_ply_tra_trap_select_normal_02				omuk	philipp	sel skill trap	Trapper	stealthy		Yes, still works.	3		0	Yes! Still works.	YES	嗯，使用正常
vo_ply_ply_	tra_	trap_select_	tense_00	vo_ply_ply_tra_trap_select_tense_00				omuk	philipp	sel skill trap	Trapper	tense		Wake up, little trap!	4		0	Wake up, little trap!		陷阱先生，快醒醒！
vo_ply_ply_	tra_	trap_select_	tense_01	vo_ply_ply_tra_trap_select_tense_01				omuk	philipp	sel skill trap	Trapper	tense		All coiled up!	3		0	All coiled up!		全部盘成一团！
vo_ply_ply_	tra_	trap_select_	tense_02	vo_ply_ply_tra_trap_select_tense_02				omuk	philipp	sel skill trap	Trapper	tense		Still works, still works!	4		0	Still works, still works!		嗯嗯，还很好用！
vo_ply_ply_	tra_	trap_select_	dark_00	vo_ply_ply_tra_trap_select_dark_00				omuk	philipp	sel skill trap	Trapper	anxious		Little trap …	3		0	Little trap…	YES	陷阱先生…
vo_ply_ply_	tra_	trap_execute_	normal_00	vo_ply_ply_tra_trap_execute_normal_00				omuk	philipp	use skill trap	Trapper	quietly	(sound) sets up trap, hums to herself				0			
vo_ply_ply_	tra_	trap_execute_	normal_01	vo_ply_ply_tra_trap_execute_normal_01				omuk	philipp	use skill trap	Trapper	quietly	(sound) sets up trap, hums to herself				0			
vo_ply_ply_	tra_	trap_execute_	normal_02	vo_ply_ply_tra_trap_execute_normal_02				omuk	philipp	use skill trap	Trapper	quietly	(sound) sets up trap, hums to herself				0			
vo_ply_ply_	tra_	trap_comment_	normal_00	vo_ply_ply_tra_trap_comment_normal_00				omuk		after skill trap	Trapper	stealthy	rare	Nasty surprise.	2		0	Nasty surprise.		危险的惊喜呢
vo_ply_ply_	tra_	trap_comment_	normal_01	vo_ply_ply_tra_trap_comment_normal_01				omuk		after skill trap	Trapper	stealthy	rare	Don't step in the spider's nest.	6		0	Don't step in the spider's nest.		不要踩到蜘蛛巢里哦
vo_ply_ply_	tra_	trap_comment_	tense_00	vo_ply_ply_tra_trap_comment_tense_00				omuk		after skill trap	Trapper	tense	rare	That's a good spot!	4		0	That's a good spot!		这地方很合适
vo_ply_ply_	tra_	trap_comment_	tense_01	vo_ply_ply_tra_trap_comment_tense_01				omuk		after skill trap	Trapper	tense	rare	Nasty surprise!	2		0	Nasty surprise!		危险的惊喜
vo_ply_ply_	tra_	trap_comment_	dark_00	vo_ply_ply_tra_trap_comment_dark_00				omuk		after skill trap	Trapper	anxious	rare	Yes, here …	3		0	Yes, here…	YES	嗯，这里…
vo_ply_ply_	tra_	trap_comment_trigger_	normal_00	vo_ply_ply_tra_trap_comment_trigger_normal_00				omuk		after trap trigger	Trapper	stealthy	rare	It worked!	2		0	It worked!		成功了！
vo_ply_ply_	tra_	trap_comment_trigger_	normal_01	vo_ply_ply_tra_trap_comment_trigger_normal_01				omuk		after trap trigger	Trapper	stealthy	rare	Such a good trap!	4		0	Such a good trap!		真是好用！
vo_ply_ply_	tra_	trap_comment_trigger_	tense_00	vo_ply_ply_tra_trap_comment_trigger_tense_00				omuk		after trap trigger	Trapper	tense	rare	Yes!	1		0	Yes!		好！
vo_ply_ply_	tra_	trap_comment_trigger_	dark_00	vo_ply_ply_tra_trap_comment_trigger_dark_00				omuk		after trap trigger	Trapper	anxious	rare	Thanks, little trap …	4		0	Thanks, little trap…	YES	谢谢，陷阱先生
vo_ply_ply_	tra_	trap_comment_break_	normal_00	vo_ply_ply_tra_trap_comment_break_normal_00				omuk		samurai breaks trap	Trapper	anxious	rare	Nasty samurai	2		0	Nasty samurai.	YES	讨厌的武士
vo_ply_ply_	tra_	trap_comment_break_	tense_00	vo_ply_ply_tra_trap_comment_break_tense_00				omuk		samurai breaks trap	Trapper	anxious	rare	No! Little trap!	3		0	No! Little trap!		啊！陷阱先生！
vo_ply_ply_	tra_	trap_comment_break_	dark_00	vo_ply_ply_tra_trap_comment_break_dark_00				omuk		samurai breaks trap	Trapper	anxious	rare	Oh no. Little trap!	4		0	Oh no! Little trap!	YES	不要！陷阱先生！
vo_ply_ply_	tra_	trap_no_ammo_	normal_00	vo_ply_ply_tra_trap_no_ammo_normal_00				omuk	philipp	use skill trap no ammo	Trapper	stealthy	special no ammo for trap	Hey! Where's little trap?	4		0	Hey! W-where's little trap?	YES	等一下！陷阱先生，你在哪？
vo_ply_ply_	tra_	trap_no_ammo_	normal_01	vo_ply_ply_tra_trap_no_ammo_normal_01				omuk	philipp	use skill trap no ammo	Trapper	stealthy	special no ammo for shuriken	Huh, where'd I put it …	6		0	…huh? Where'd I put it?!	YES	放到哪里了呢？
vo_ply_ply_	tra_	trap_no_ammo_	normal_02	vo_ply_ply_tra_trap_no_ammo_normal_02				omuk	philipp	use skill trap no ammo	Trapper	stealthy	special no ammo for shuriken	No, no, lost my trap.	5		0	No…no, lost my trap…	YES	啊…陷阱弄丢了
vo_ply_ply_	tra_	trap_no_ammo_	tense_00	vo_ply_ply_tra_trap_no_ammo_tense_00				omuk	philipp	use skill trap no ammo	Trapper	tense	special no ammo for trap	Where are you, little trap?!	5		0	Where are you, little trap?!		陷阱先生，你在哪？
vo_ply_ply_	tra_	trap_no_ammo_	tense_01	vo_ply_ply_tra_trap_no_ammo_tense_01				omuk	philipp	use skill trap no ammo	Trapper	tense	special no ammo for shuriken	Lost your trap, stupid.	4		0	Oh, lost your trap, stupid.	YES	怎么会把自己的陷阱弄丢呢
vo_ply_ply_	tra_	trap_no_ammo_	tense_02	vo_ply_ply_tra_trap_no_ammo_tense_02				omuk	philipp	use skill trap no ammo	Trapper	tense	special no ammo for shuriken	Ah! Where's little trap?	4		0	Ah! Where's little trap?		不要！陷阱先生，你在哪？
vo_ply_ply_	tra_	trap_no_ammo_	dark_00	vo_ply_ply_tra_trap_no_ammo_dark_00				omuk	philipp	use skill trap no ammo	Trapper	anxious	special no ammo for shuriken	No little trap …	4		0	No little trap…	YES	陷阱没有了…
vo_ply_ply_	tra_	ammo_pickup_execute_	normal_00	vo_ply_ply_tra_ammo_pickup_execute_normal_00				omuk	philipp	pickup ammo	Trapper	stealthy	picks up ammo for trap/gun/heal	Got you.	2		0	Got you.		我收下了
vo_ply_ply_	tra_	ammo_pickup_execute_	normal_01	vo_ply_ply_tra_ammo_pickup_execute_normal_01				omuk	philipp	pickup ammo	Trapper	stealthy	picks up ammo for trap/gun/heal	No one will miss it, yes?	6		0	No one will miss it, yes?		反正也没人要的吧？
vo_ply_ply_	tra_	ammo_pickup_execute_	normal_02	vo_ply_ply_tra_ammo_pickup_execute_normal_02				omuk	philipp	pickup ammo	Trapper	stealthy	picks up ammo for trap/gun/heal	It wants to be taken.	5		0	It wants to be taken.		它想被我带走的
vo_ply_ply_	tra_	ammo_pickup_execute_	tense_00	vo_ply_ply_tra_ammo_pickup_execute_tense_00				omuk	philipp	pickup ammo	Trapper	tense	picks up ammo for trap/gun/heal	Got it!	2		0	Got it!		我收下了！
vo_ply_ply_	tra_	ammo_pickup_execute_	tense_01	vo_ply_ply_tra_ammo_pickup_execute_tense_01				omuk	philipp	pickup ammo	Trapper	tense	picks up ammo for trap/gun/heal	Mine!	1		0	Mine!		是我的了！
vo_ply_ply_	tra_	ammo_pickup_execute_	tense_02	vo_ply_ply_tra_ammo_pickup_execute_tense_02				omuk	philipp	pickup ammo	Trapper	tense	picks up ammo for trap/gun/heal	I have it!	3		0	I need this.	YES	正好需要
vo_ply_ply_	tra_	ammo_pickup_execute_	dark_00	vo_ply_ply_tra_ammo_pickup_execute_dark_00				omuk	philipp	pickup ammo	Trapper	anxious	picks up ammo for trap/gun/heal	I need this …	4		0	I need this…	YES	正好…
vo_ply_ply_	tra_	gun_select_	normal_00	vo_ply_ply_tra_gun_select_normal_00				omuk	philipp	sel skill gun	Trapper	stealthy		Little pistol.	2		0	Little pistol.		手枪先生
vo_ply_ply_	tra_	gun_select_	normal_01	vo_ply_ply_tra_gun_select_normal_01				omuk	philipp	sel skill gun	Trapper	stealthy	*sniff*	 … ugh, gunpowder.	4		0	…ugh, gunpowder.	YES	啊，都怪火药的味道
vo_ply_ply_	tra_	gun_select_	normal_02	vo_ply_ply_tra_gun_select_normal_02				omuk	philipp	sel skill gun	Trapper	stealthy		Dragon's shout.	2		0	Dragon's Shout.	YES	龙之怒号
vo_ply_ply_	tra_	gun_select_	tense_00	vo_ply_ply_tra_gun_select_tense_00				omuk	philipp	sel skill gun	Trapper	tense		Plug your ears!	3		0	Plug your ears!		捂好耳朵哦！
vo_ply_ply_	tra_	gun_select_	tense_01	vo_ply_ply_tra_gun_select_tense_01				omuk	philipp	sel skill gun	Trapper	tense		Dragon's shout!	2		0	Dragon's Shout!	YES	龙之怒号！
vo_ply_ply_	tra_	gun_select_	tense_02	vo_ply_ply_tra_gun_select_tense_02				omuk	philipp	sel skill gun	Trapper	tense		Boom!	1		0	Hahaha! Boom!	YES	轰隆！
vo_ply_ply_	tra_	gun_select_	dark_00	vo_ply_ply_tra_gun_select_dark_00				omuk	philipp	sel skill gun	Trapper	anxious		Little pistol …	3		0	Little pistol…	YES	手枪先生…
vo_ply_ply_	tra_	gun_comment_	normal_00	vo_ply_ply_tra_gun_comment_normal_00				omuk		after skill gun	Trapper	stealthy	"rare after shot
not after last shot"	Uhm … reloading!	3		0	Uhm… Reloading!	YES	等一下，正在装弹！
vo_ply_ply_	tra_	gun_comment_	normal_01	vo_ply_ply_tra_gun_comment_normal_01				omuk		after skill gun	Trapper	stealthy	after loading last shot	… one left!	3		0	…one left!	YES	还剩一发！
vo_ply_ply_	tra_	gun_comment_	tense_00	vo_ply_ply_tra_gun_comment_tense_00				omuk		after skill gun	Trapper	tense	"rare after shot
not after last shot"	Reload, stupid!	2		0	…reload, stupid.	YES	正在装弹呀！
vo_ply_ply_	tra_	gun_comment_	tense_01	vo_ply_ply_tra_gun_comment_tense_01				omuk		after skill gun	Trapper	tense	after loading last shot	One left!	2		0	One left!		只剩一发！
vo_ply_ply_	tra_	gun_comment_	dark_00	vo_ply_ply_tra_gun_comment_dark_00				omuk		after skill gun	Trapper	anxious	"rare after shot
not after last shot"	Wait! Reload!	2		0	Wait! ….reload.	YES	等等！正在装弹！
vo_ply_ply_	tra_	gun_comment_	dark_01	vo_ply_ply_tra_gun_comment_dark_01				omuk		after skill gun	Trapper	anxious	after loading last shot	L-last one!	2		0	Last one!	YES	最后一发！
vo_ply_ply_	tra_	heal_select_	normal_00	vo_ply_ply_tra_heal_select_normal_00				omuk	philipp	sel skill heal	Trapper	stealthy		Who needs help?	3		0	Who needs help?		谁需要我帮助？
vo_ply_ply_	tra_	heal_select_	normal_01	vo_ply_ply_tra_heal_select_normal_01				omuk	philipp	sel skill heal	Trapper	stealthy	almost singing	Cuts and bruises.	3		0	Cuts and bruises.		只是皮外伤
vo_ply_ply_	tra_	heal_select_	normal_02	vo_ply_ply_tra_heal_select_normal_02				omuk	philipp	sel skill heal	Trapper	stealthy	almost singing	Cloth and herbs.	3		0	Cloth and herbs.		就用绷带和药草
vo_ply_ply_	tra_	heal_select_	tense_00	vo_ply_ply_tra_heal_select_tense_00				omuk	philipp	sel skill heal	Trapper	tense		Who needs help?!	3		0	Who needs help?!		谁需要我帮助？
vo_ply_ply_	tra_	heal_select_	tense_01	vo_ply_ply_tra_heal_select_tense_01				omuk	philipp	sel skill heal	Trapper	tense		I can stop the blood.	5		0	I can stop the blood.		我会止血
vo_ply_ply_	tra_	heal_select_	tense_02	vo_ply_ply_tra_heal_select_tense_02				omuk	philipp	sel skill heal	Trapper	tense		I have bandages!	3		0	I have bandages!		我有绷带！
vo_ply_ply_	tra_	heal_select_	dark_00	vo_ply_ply_tra_heal_select_dark_00				omuk	philipp	sel skill heal	Trapper	anxious		I can help.	3		0	I can help.		我可以帮忙
vo_ply_ply_	tra_	heal_execute_	normal_00	vo_ply_ply_tra_heal_execute_normal_00				omuk	philipp	use skill heal	Trapper	quietly	(sound) treats wound				0			
vo_ply_ply_	tra_	heal_execute_	normal_01	vo_ply_ply_tra_heal_execute_normal_01				omuk	philipp	use skill heal	Trapper	quietly	(sound) treats wound				0			
vo_ply_ply_	tra_	heal_execute_	normal_02	vo_ply_ply_tra_heal_execute_normal_02				omuk	philipp	use skill heal	Trapper	quietly	(sound) treats wound				0			
vo_ply_ply_	tra_	heal_comment_	normal_00	vo_ply_ply_tra_heal_comment_normal_00				omuk		after skill heal	Trapper	stealthy	rare	It wasn't bad.	3		0	It wasn't bad.		呐，没什么大不了吧？
vo_ply_ply_	tra_	heal_comment_	tense_00	vo_ply_ply_tra_heal_comment_tense_00				omuk		after skill heal	Trapper	tense	rare	Stay still.	2		0	Stay still.		不要乱动哦
vo_ply_ply_	tra_	heal_comment_	dark_00	vo_ply_ply_tra_heal_comment_dark_00				omuk		after skill heal	Trapper	anxious	rare	Be brave …	3		0	Be brave…	YES	要勇敢…
vo_ply_ply_	tra_	key_door_	normal_00	vo_ply_ply_tra_key_door_normal_00				omuk	philipp	can't open locked gate	Trapper	stealthy		You're locked! Where's your key?	5		0	You're locked! Where's your key?		上锁了？钥匙在哪呢？
vo_ply_ply_	tra_	key_door_	normal_01	vo_ply_ply_tra_key_door_normal_01				omuk	philipp	can't open locked gate	Trapper	stealthy		It's locked, stupid! Find the key!	6		0	It's locked, stupid! Find the key!		锁上了，笨蛋！快去找钥匙！
vo_ply_ply_	tra_	key_door_	normal_02	vo_ply_ply_tra_key_door_normal_02				omuk	philipp	can't open locked gate	Trapper	stealthy		Locks and keys, locks and keys.	6		0	Locks and keys, locks and keys.		钥匙配锁，钥匙配锁
vo_ply_ply_	tra_	key_pickup_	normal_00	vo_ply_ply_tra_key_pickup_normal_00				omuk	philipp	pickup key	Trapper	stealthy		There you are, little key!	5		0	There you are, little key!		钥匙先生，找到你啦！
vo_ply_ply_	tra_	key_pickup_	normal_01	vo_ply_ply_tra_key_pickup_normal_01				omuk	philipp	pickup key	Trapper	stealthy		Where's your lock, little key?	5		0	Where's your lock, little key?		找到了钥匙先生，不过锁在哪呢？
vo_ply_ply_	tra_	key_pickup_	normal_02	vo_ply_ply_tra_key_pickup_normal_02				omuk	philipp	pickup key	Trapper	stealthy		Yes! I have the key!	5		0	Yes! I have the key!		对！我有钥匙！
vo_ply_ply_	tra_	key_unlock_	normal_00	vo_ply_ply_tra_key_unlock_normal_00				omuk	philipp	unlock gate with key	Trapper	stealthy		You'll let us through, yes?	5		0	You'll let us through, yes?		就让我们过去吧？
vo_ply_ply_	tra_	key_unlock_	normal_01	vo_ply_ply_tra_key_unlock_normal_01				omuk	philipp	unlock gate with key	Trapper	stealthy		Yes! It's open.	3		0	Yes, it's open!	YES	好！打开了！
vo_ply_ply_	tra_	key_unlock_	normal_02	vo_ply_ply_tra_key_unlock_normal_02				omuk	philipp	unlock gate with key	Trapper	stealthy		We can go through now.	5		0	We can go through now.		可以通过了
vo_ply_ply_	tra_	joke_wait	normal_00	vo_ply_ply_tra_joke_waitnormal_00				omuk		waiting too long	Trapper			Awww, this is booooooooring.	4		0	Ugh, this is booooooooring.	YES	好无聊啊
vo_ply_ply_	tra_	joke_running	normal_00	vo_ply_ply_tra_joke_runningnormal_00				omuk		running too much	Trapper			Faster, faster, faster, hahaha.	4		0	Faster, faster, faster, faster! Hehe!	YES	快点，快点，快点，再快点！啊哈哈！
vo_ply_ply_	tra_	joke_dropkill	normal_00	vo_ply_ply_tra_joke_dropkillnormal_00				omuk		dropkill 0.001% chance	Trapper		quote from Overwatch	Cheers love, the cavalry's here.	5		0	Cheers love, the cavalry's here.		不用担心，交给我吧
vo_ply_ply_	tra_	joke_char_select_	normal_00	vo_ply_ply_tra_joke_char_select_normal_00				omuk		char select too often	Trapper		(sound) giggles	…	1		0	…		…
vo_ply_ply_	tra_	joke_char_select_	normal_01	vo_ply_ply_tra_joke_char_select_normal_01				omuk		char select too often	Trapper			Wicked!	1		0	Wicked!		调皮！
vo_ply_ply_	tra_	joke_char_select_	normal_02	vo_ply_ply_tra_joke_char_select_normal_02				omuk		char select too often	Trapper		quote from Overwatch	Ever get that feeling of deja vu?	7		0	Ever get that feeling of deja vu?		有没有，似曾相识的感觉？
vo_ply_ply_	tra_	joke_char_select_	normal_03	vo_ply_ply_tra_joke_char_select_normal_03				omuk		char select too often	Trapper		quote from Game of Thrones (Aria Stark)	It's Water Dancing.	3		0	It's Water Dancing.		我是水舞者
vo_ply_ply_	tra_	joke_char_select_	normal_04	vo_ply_ply_tra_joke_char_select_normal_04				omuk		char select too often	Trapper		quote from Game of Thrones (Aria Stark)	I can't sleep until I say the names.	8		0	I can't sleep until I say the names.		不念一遍他们的名字我睡不着
vo_ply_ply_	tra_	joke_char_select_	normal_05	vo_ply_ply_tra_joke_char_select_normal_05				omuk		char select too often	Trapper		quote from Game of Thrones (Aria Stark)	Anyone can be killed.	4		0	Anyone can be killed.		凡人皆可杀死
vo_ply_ply_	tra_	joke_char_select_	normal_06	vo_ply_ply_tra_joke_char_select_normal_06				omuk		char select too often	Trapper		quote from Game of Thrones (Aria Stark)	He's more wolf than man, and so am I.	9		0	He's more wolf than man, and so am I.		他虽是人，但更像狼，我也一样
vo_ply_ply_	tra_	joke_char_select_	normal_07	vo_ply_ply_tra_joke_char_select_normal_07				omuk		char select too often	Trapper		quote from Game of Thrones (Aria Stark)	Stick 'em with the pointy end.	6		0	Stick 'em with the pointy end.		用尖的那头对着敌人
vo_ply_ply_	tra_	joke_char_select_	normal_08	vo_ply_ply_tra_joke_char_select_normal_08				omuk		char select too often	Trapper		quote from Game of Thrones (Aria Stark)	A girl is no one.	5		0	A girl is no one.		女孩是无名之辈
vo_ply_ply_	tra_	joke_char_select_	normal_09	vo_ply_ply_tra_joke_char_select_normal_09				omuk		char select too often	Trapper		quote from Game of Thrones (Aria Stark)	Valar Morghulis.	2		0	Valar Morghulis.		凡人皆有一死
																				
														WORDCOUNT EN:	936	WORDCOUNT DE:	0			
